Title,Views,Dates
LU KALA | #DSCVR Artists To Watch #GRWM,"2,9 k vues",il y a 9 heures
Set The Mood with Chlöe #shorts,14 k vues,il y a 11 mois
Vevo - Pop Video Weekly | This Week’s Biggest Hits Ep. 22,86 k vues,il y a 2 ans
"Sam Smith, Demi Lovato - The Making Of I’m Ready | Vevo Footnotes",191 k vues,il y a 3 ans
Demi Lovato - Reactions to Demi Lovato’s “I Love Me” | Watch This (Vevo),181 k vues,il y a 3 ans
Reactions to SZA and Justin Timberlake’s “The Other Side” | Watch This (Vevo),84 k vues,il y a 3 ans
Doja Cat - Reactions to Doja Cat’s “Say So” | Watch This (Vevo),166 k vues,il y a 3 ans
Taylor Swift - Reactions to Taylor Swift’s “The Man” | Watch This (Vevo),283 k vues,il y a 3 ans
Arizona Zervas - Reactions to Arizona Zervas' “Roxanne” | Watch This (Vevo),131 k vues,il y a 3 ans
Camila Cabello - Reactions to Camila Cabello's “My Oh My” ft. DaBaby | Watch This (Vevo),117 k vues,il y a 3 ans
Justin Bieber - Reactions to Justin Bieber’s “Intentions” ft. Quavo | Watch This (Vevo),145 k vues,il y a 3 ans
"People React To Meghan Trainor, Jadakiss & Hot Country Knights Videos | Watch This Ep. ...",69 k vues,il y a 3 ans
Watch This: People React to This Week’s Biggest Music Videos | Ep. 1 (Vevo),69 k vues,il y a 3 ans
"Mahalia - ""Do Not Disturb"" Live Performance | Vevo",288 k vues,il y a 4 ans
"Mahalia - ""Honeymoon"" Live Performance | Vevo",109 k vues,il y a 4 ans
"Brynn Elliott - ""Internet You"" Live Performance | Vevo",71 k vues,il y a 4 ans
"Brynn Elliott - ""Tongue Tied"" Live Performance | Vevo",51 k vues,il y a 4 ans
"Matt Maeson - ""Beggar’s Song"" Live Performance | Vevo",307 k vues,il y a 4 ans
"King Calaway - ""No Matter What"" Live Performance | Vevo",84 k vues,il y a 4 ans
"King Calaway - ""World for Two"" Live Performance | Vevo",62 k vues,il y a 4 ans
Vevo - BHM Interstitial,41 k vues,il y a 4 ans
HRVY - HRVY - Three Thoughts on... First Times,137 k vues,il y a 5 ans
Atmosphere - “Virgo” Official Performance | Vevo,212 k vues,il y a 5 ans
deM atlaS - “Bad Loves Company” Live Performance,133 k vues,il y a 5 ans
deM atlaS - “Gratitude” Official Performance | Vevo,74 k vues,il y a 5 ans
"HRVY - ""I Won't Let You Down"" Official Performance | Vevo",297 k vues,il y a 5 ans
"HRVY - ""I Wish You Were Here"" Official Performance | Vevo",260 k vues,il y a 5 ans
Ruel - Three Thoughts on Expensive Clothes,172 k vues,il y a 5 ans
Mario - Three Thoughts...On Shadow Work,44 k vues,il y a 5 ans
Mike Posner - Three Thoughts on Inner Happiness,100 k vues,il y a 5 ans
"Amos Lee - ""Little Light"" Official Performance | Vevo",217 k vues,il y a 5 ans
Amos Lee - Dying White Light Official Performance | Vevo,29 k vues,il y a 5 ans
Elle King - Three Thoughts on Spirits,27 k vues,il y a 5 ans
"Lenny Kravitz - Lenny Kravitz Talks ‘Raise Vibration,’ And Why Love Still Rules",111 k vues,il y a 5 ans
Amy Shark - Three Thoughts...On Perserverance,39 k vues,il y a 5 ans
"Queen Naija - ""Medicine"" Official Performance | Vevo",129 k vues,il y a 5 ans
Loren Gray - Three Thoughts...On Relationships,252 k vues,il y a 5 ans
"Queen Naija - ""Karma"" Official Performance | Vevo",107 k vues,il y a 5 ans
Freeway - Three Thoughts...On Righteousness,39 k vues,il y a 5 ans
"Mason Ramsey - ""Famous"" Live Performance | Vevo",150 k vues,il y a 5 ans
"Mason Ramsey - ""The Way I See It"" Live Performance | Vevo",138 k vues,il y a 5 ans
"Sabrina Carpenter - ""Almost Love"" Official Performance",444 k vues,il y a 5 ans
"Ayo & Teo - ""Ay3"" Footnotes",44 k vues,il y a 5 ans
G Herbo - Three Thoughts On Fatherhood,35 k vues,il y a 5 ans
Chase Rice - “Eyes On You” Live Performance & Meaning | Vevo,106 k vues,il y a 5 ans
"Dan + Shay - ""Tequila"" Live Performance | Vevo",144 k vues,il y a 5 ans
Underoath - Underoath's Three Thoughts on Christianity,220 k vues,il y a 5 ans
"Lewis Capaldi - ""Tough"" Live Performance & Meaning | Vevo",89 k vues,il y a 5 ans
"Ashe - ""Real Love"" Live Performance & Meaning | Vevo",151 k vues,il y a 5 ans
"50 Cent, Dr. Dre, Mario, Terror Squad, Beyoncé - Still Storch","4,1 M de vues",il y a 5 ans
YG - YG Talks Shoes and Style,217 k vues,il y a 5 ans
Dead Sara - Dead Sara's Three Thoughts on Fandom in the Social Media Era,27 k vues,il y a 5 ans
"Midland - ""Burn Out"" Performance & Meaning",95 k vues,il y a 5 ans
"Lauren Alaina - ""Three"" Live Performance & Meaning | Vevo",91 k vues,il y a 5 ans
"Calum Scott - ""What I Miss Most"" Live Performance & Meaning | Vevo",120 k vues,il y a 5 ans
Jay Park - Jay Park's Three Thoughts on Taking Risks,108 k vues,il y a 5 ans
"Chromeo - Chromeo Break Down The Artwork for ""Head Over Heels""",67 k vues,il y a 5 ans
"Tyler Rich - Tyler Rich - “The Difference"" Live Performance & Meaning | Vevo",72 k vues,il y a 5 ans
Jim James - Jim James and Duane Michals discuss The Illuminated Man,35 k vues,il y a 5 ans
Jake Owen - “Made For You” Live Performance | Vevo,"1,3 M de vues",il y a 5 ans
Michael Ray - Michael Ray's Three Thoughts on Heart Disease,26 k vues,il y a 5 ans
"Nick Grant - “The Switch Up"" Live Performance & Meaning | Vevo",35 k vues,il y a 5 ans
Anne-Marie - Machine (Live) | Vevo UK LIFT,781 k vues,il y a 5 ans
Amara La Negra - Amara La Negra's Three Thoughts on Gender Equality,27 k vues,il y a 5 ans
Brett Young - “Mercy” Official Performance | Vevo,193 k vues,il y a 5 ans
KYLE - Kyle's Three Thoughts on Internet Gaming,23 k vues,il y a 5 ans
Anne-Marie - 2002 (Live) | Vevo UK LIFT,"4,4 M de vues",il y a 5 ans
Thalía - Thalia on Balancing Fame with Family and Learning to Love Herself,174 k vues,il y a 5 ans
Hoodcelebrityy - HoodCelebrityy's Three Thoughts On Living A Real Life,42 k vues,il y a 5 ans
Thunderpussy - Thunderpussy's Three Thoughts on Social Media Killing Live Shows,55 k vues,il y a 5 ans
Anne-Marie - Becoming Anne-Marie (Vevo UK LIFT),586 k vues,il y a 5 ans
Awkwafina - The World According To Awkwafina,390 k vues,il y a 5 ans
"Sigrid - sings to kittens, then talks Nature, Cats, and her new EP ‘Raw’",107 k vues,il y a 5 ans
Brothers Osborne - :60 With Brothers Osborne,21 k vues,il y a 5 ans
"NE-YO - Ne-Yo & Ty Dolla $ign Talk Dr. Dre, Genre Bending And New Music",35 k vues,il y a 5 ans
Poo Bear Explains Justin Bieber Hit “Hard 2 Face Reality”,55 k vues,il y a 5 ans
"Becky G X Manhattan Girls Chorus: J.Lo, Following Your Dreams and Overcoming Negativity",53 k vues,il y a 5 ans
Lamb of God - :60 With Randy Blythe of Lamb of God,46 k vues,il y a 5 ans
Maluma - Maluma talks F.A.M.E,94 k vues,il y a 5 ans
Albin Lee Meldau - “I Need Your Love” Live Performance & Meaning | Vevo,60 k vues,il y a 5 ans
"Normani, Khalid - Khalid & Normani Talk Love Lies, OTW, and Normani's Solo Debut",256 k vues,il y a 5 ans
Grace VanderWaal - Dear Grace VanderWaal,392 k vues,il y a 5 ans
Awkwafina - Dear Awkwafina,99 k vues,il y a 5 ans
"Royce da 5'9"" - ""Caterpillar"" Footnotes ft. Eminem",43 k vues,il y a 5 ans
"Saweetie - Saweetie Breaks Down ""ICY GRL""",192 k vues,il y a 5 ans
"Becky G, Natti Natasha - Becky G & Natti Natasha Talk Success, Sexuality, and ""Sin Pijama""","1,2 M de vues",il y a 5 ans
Trevor Jackson - :60 with Trevor Jackson,48 k vues,il y a 5 ans
PRETTYMUCH - Setting The Mood with PRETTYMUCH,255 k vues,il y a 5 ans
"Charlie Puth - ""Done For Me"" Footnotes ft. Kehlani",68 k vues,il y a 5 ans
CNCO - CNCO Superlatives,"1,5 M de vues",il y a 5 ans
Morgan Wallen - :60 with Morgan Wallen,31 k vues,il y a 5 ans
Little Boots - :60 with Little Boots,11 k vues,il y a 5 ans
Lo Moon - Painting Portraits with Lo Moon,13 k vues,il y a 5 ans
Hinds - Puff Painting with Hinds,16 k vues,il y a 5 ans
"Sting, Shaggy - Dear Sting & Shaggy",44 k vues,il y a 5 ans
Chloe x Halle - :60 with Chloe x Halle,26 k vues,il y a 5 ans
Oshun - OSHUN Talk Living a Double Life,311 k vues,il y a 5 ans
Princess Nokia - The World According To...,222 k vues,il y a 5 ans
Vevo - :60 with Tyler Posey,37 k vues,il y a 5 ans
"DJ Kass - Footnotes: ""Scooby Doo Pa Pa""","2,4 M de vues",il y a 5 ans
"Chromeo - ""Must've Been Ft. DRAM"" Footnotes",57 k vues,il y a 5 ans
Prince Royce - Prince Royce on New Sounds and Recent Collabs,38 k vues,il y a 5 ans
Jesse McCartney - :60 with Jesse McCartney,26 k vues,il y a 5 ans
Jordan Davis - :60 With Jordan Davis,16 k vues,il y a 5 ans
Hayley Kiyoko - The World According to Hayley Kiyoko,927 k vues,il y a 5 ans
Kiana Ledé - :60 with Kiana Ledé,41 k vues,il y a 5 ans
Sunflower Bean - :60 With Sunflower Bean,20 k vues,il y a 5 ans
"Gifted Gab, Blimes Brixton - Live at Vevo",48 k vues,il y a 5 ans
Lil Jon - Dear Lil Jon,54 k vues,il y a 5 ans
"Migos - ""Walk It Talk It"" Footnotes ft. Drake",68 k vues,il y a 5 ans
Chloe x Halle - Chloe x Halle Are Alright,46 k vues,il y a 5 ans
PRhyme - PRhyme 2 (Live at Vevo),58 k vues,il y a 5 ans
Scotty McCreery - :60 With,15 k vues,il y a 5 ans
Sophie Simmons - :60 With,25 k vues,il y a 5 ans
"Brent Faiyaz, Sonder - Brent Faiyaz of Sonder Talks ""Too Fast""",92 k vues,il y a 5 ans
"Lil Dicky - ""Freaky Friday"" Footnotes ft. Chris Brown",124 k vues,il y a 5 ans
Brent Faiyaz - :60 With,132 k vues,il y a 5 ans
"Harry Hudson - ""Can Cowboys Cry"" Footnotes",26 k vues,il y a 5 ans
"Calum Scott - ""You Are The Reason"" Footnotes ft. Leona Lewis",55 k vues,il y a 5 ans
Iggy Azalea - Dear Iggy Azalea,693 k vues,il y a 5 ans
"Years & Years - Years & Years Talk New Single ""Sanctify""",119 k vues,il y a 5 ans
A-Trak - :60 With,21 k vues,il y a 5 ans
"Khalid, Normani - ""Love Lies"" Footnotes",66 k vues,il y a 5 ans
Tech N9ne - Planet (Live At Vevo),75 k vues,il y a 5 ans
Public Access TV - Public Access T.V. Delve into Their Weird and Talk Street Safari,21 k vues,il y a 5 ans
Charlie Puth - Charlie Puth Talks Voice Notes,261 k vues,il y a 5 ans
Nipsey Hussle - Rap Niggas x Victory Lap (Live at Vevo),369 k vues,il y a 5 ans
Public Access TV - Public Access T.V. Attempt Vevo's Flat-Pack Furniture Challenge,17 k vues,il y a 5 ans
HRVY - Dear HRVY,"1,8 M de vues",il y a 5 ans
"Luis Fonsi, J Balvin - Artist on Artist: Luis Fonsi Sits Down With J Balvin (Part 1)",280 k vues,il y a 5 ans
Artist on Artist: Luis Fonsi and J Balvin Talk Cars and Politics (Part 2),82 k vues,il y a 5 ans
"Kimbra - Kimbra on Ego and Ambition, #MeToo, and Her ‘Primal Heart'",69 k vues,il y a 5 ans
Stefflon Don - Stefflon Don (Live At Vevo),61 k vues,il y a 5 ans
"Watch The Duck - ""There You Are"" Footnotes",36 k vues,il y a 5 ans
Tyminski - Tyminski Holds a Mirror to Humanity with Southern Gothic,26 k vues,il y a 5 ans
PRETTYMUCH - PRETTYMUCH Superlatives,629 k vues,il y a 5 ans
"Ravyn Lenae - How Ravyn Lenae Made Her New EP, Crush",42 k vues,il y a 5 ans
"A-Trak, Rapsody, Brent Faiyaz, HRVY, Blac Youngsta, Ravyn Lenae - Valentine's Day Tips",18 k vues,il y a 5 ans
SahBabii - In the Cards: SahBabii Gets a Tarot Reading,59 k vues,il y a 5 ans
Rapsody - :60 With,16 k vues,il y a 5 ans
Majid Jordan - The Only Way To Say It,128 k vues,il y a 5 ans
Cold Specks - :60 With Cold Specks,14 k vues,il y a 5 ans
"CNCO - CNCO on Mamita, Staying Grounded, and Their Success So Far",848 k vues,il y a 5 ans
Evidence - Jim Dean and Throw It All Away (Live at Vevo),111 k vues,il y a 5 ans
"Artist on Artist: St. Vincent x Jack Antonoff on Censorship, Masks, and Biblical Butts",131 k vues,il y a 5 ans
Liana Bank$ - Vevo Meets: Liana Bank$,25 k vues,il y a 5 ans
"Franz Ferdinand - ""Feel The Love Go"" Footnotes",21 k vues,il y a 5 ans
Harry Hudson - Vevo Meets: Harry Hudson,20 k vues,il y a 5 ans
Craig David - Craig David: A Letter to Myself,66 k vues,il y a 5 ans
Mr Eazi - Dear Mr Eazi,67 k vues,il y a 5 ans
Why Don't We - These Girls (Live on the Honda Stage at the Hammerstein Ballroom),335 k vues,il y a 5 ans
Why Don't We - Something Different (Live on the Honda Stage at the Hammerstein Ballroom),398 k vues,il y a 5 ans
Why Don't We - Nobody Gotta Know (Live on the Honda Stage at the Hammerstein Ballroom),244 k vues,il y a 5 ans
Tinashe - Dear Tinashe,97 k vues,il y a 5 ans
Justine Skye - :60 With,17 k vues,il y a 5 ans
Knox Fortune - Vevo Meets: Knox Fortune,22 k vues,il y a 5 ans
Gashi - Vevo Meets: GASHI,34 k vues,il y a 5 ans
BØRNS - Dear BØRNS,149 k vues,il y a 5 ans
"Ansel Elgort - ""Supernova"" Footnotes",55 k vues,il y a 5 ans
Fabolous & Jadakiss - Friday on Elm Street (Live at Vevo),280 k vues,il y a 5 ans
Hayley Kiyoko - Dear Hayley Kiyoko,563 k vues,il y a 5 ans
DaniLeigh - Vevo Meets: DaniLeigh,40 k vues,il y a 5 ans
Action Bronson - Acting Ambitions,39 k vues,il y a 5 ans
Lute - Vevo Meets: Lute,45 k vues,il y a 5 ans
"""No Limit Remix"" Footnotes",65 k vues,il y a 5 ans
Holiday Hacks,26 k vues,il y a 5 ans
Jeezy - Living Under ‘Pressure’ In Trump’s America,22 k vues,il y a 5 ans
Dermot Kennedy - Vevo Meets: Dermot Kennedy,62 k vues,il y a 5 ans
G-Eazy - The Beautiful and Damned (Live at Vevo),178 k vues,il y a 5 ans
Buddy - Vevo Meets: Buddy,11 k vues,il y a 5 ans
Rostam - Cooking with Rostam and His Mom Najmieh Batmanglij,38 k vues,il y a 5 ans
"G-Eazy - ""Him & I"" Footnotes",64 k vues,il y a 6 ans
Chase Rice - Dear Chase Rice,23 k vues,il y a 6 ans
Molly Kate Kestner - Vevo Meets: Molly Kate Kestner,15 k vues,il y a 6 ans
Mr Eazi - :60 With,18 k vues,il y a 6 ans
Rich Homie Quan - Dear Rich Homie Quan,23 k vues,il y a 6 ans
Eli Young Band - :60 With Eli Young Band,"9,1 k vues",il y a 6 ans
Jacob Banks - Vevo Meets: Jacob Banks,"6,8 k vues",il y a 6 ans
Weaves - Poutine And Chill With Weaves,18 k vues,il y a 6 ans
Big Boi - The World According to Big Boi,20 k vues,il y a 6 ans
Miguel - The Making Of War & Leisure (Vevo x Miguel),56 k vues,il y a 6 ans
Jake Miller - Jake Miller Vs. His YouTube Comments,25 k vues,il y a 6 ans
MØ - MØ on the Art of the Music Video,34 k vues,il y a 6 ans
Wu-Tang Clan - Mathematics on the Birth of Wu-Tang’s “The Saga Continues,28 k vues,il y a 6 ans
Devin Dawson - Vevo Meets: Devin Dawson,"9,3 k vues",il y a 6 ans
French Montana - French Montana on the Art of the Music Video,32 k vues,il y a 6 ans
Rico Nasty - Vevo Meets: Rico Nasty,46 k vues,il y a 6 ans
Jake Bugg - :60 With Jake Bugg,17 k vues,il y a 6 ans
Baio - :60 With,10 k vues,il y a 6 ans
Tamar Braxton - :60 With Tamar Braxton,23 k vues,il y a 6 ans
Prayers - Dear Prayers,37 k vues,il y a 6 ans
Liam Payne - :60 With Liam Payne,262 k vues,il y a 6 ans
MØ - Deal Breakers & Day Drinking: A Dream Date with MØ,262 k vues,il y a 6 ans
DJ Khaled - The World According to DJ Khaled,53 k vues,il y a 6 ans
"Olivia O'Brien - ""No Love"" and the Napa Valley Fires",76 k vues,il y a 6 ans
Prince Royce - Prince Royce on the Art of the Music Video,104 k vues,il y a 6 ans
"Luis Fonsi - ""Échame La Culpa"" Footnotes","1,1 M de vues",il y a 6 ans
Fall Out Boy - Fall Out Boy on the Art of the Music Video,38 k vues,il y a 6 ans
6LACK - 6lack on the Art of the Music Video,47 k vues,il y a 6 ans
PNB Rock - 3X (Live at Vevo),36 k vues,il y a 6 ans
PNB Rock - WTS (Live at Vevo),52 k vues,il y a 6 ans
PNB Rock - Scrub (Live at Vevo),128 k vues,il y a 6 ans
Jaden Smith - The World According To Jaden Smith,"1,5 M de vues",il y a 6 ans
PNB Rock - Catch These Vibes (Live at Vevo),185 k vues,il y a 6 ans
Carly Pearce - Vevo Meets: Carly Pearce,11 k vues,il y a 6 ans
Romeo Santos - Romeo Santos on the Art of the Music Video,81 k vues,il y a 6 ans
Lauv - The Other (Live on the Honda Stage at iHeartRadio Austin),492 k vues,il y a 6 ans
Lauv - Breathe (Live on the Honda Stage at iHeartRadio Austin),677 k vues,il y a 6 ans
Lauv - Easy Love (Live on the Honda Stage at iHeartRadio Austin),313 k vues,il y a 6 ans
Lauv - A Different Way (Live on the Honda Stage at iHeartRadio Austin),"1,5 M de vues",il y a 6 ans
Lauv - I Like Me Better (Live on the Honda Stage at iHeartRadio Austin),"2,6 M de vues",il y a 6 ans
Desiigner - Desiigner on the Art of the Music Video,24 k vues,il y a 6 ans
Devin Dawson - All On Me – Vevo Live at CMA Awards 2017,40 k vues,il y a 6 ans
Luke Bryan - Most People Are Good – Vevo Live at CMA Awards 2017,150 k vues,il y a 6 ans
Luke Bryan - Vevo Live at CMA Awards 2017 - Luke Bryan,43 k vues,il y a 6 ans
Cam - Diane – Vevo Live at CMA Awards 2017,97 k vues,il y a 6 ans
Brett Young - Like I Loved You – Vevo Live at CMA Awards 2017,116 k vues,il y a 6 ans
Vevo Live at CMA Awards 2017 - Chris Lane Premieres Take Back Home Girl ft. Tori Kelly,19 k vues,il y a 6 ans
Brett Young - Vevo Live at CMA Awards 2017 - Brett Young,38 k vues,il y a 6 ans
Cam - Sweet Dreams – Vevo Live at CMA Awards 2017,13 k vues,il y a 6 ans
Vevo Live at CMA Awards 2017 - Ryan Hurd Premieres Love In A Bar ft. Maren Morris,12 k vues,il y a 6 ans
Vevo Live at CMA Awards 2017 - Little Big Town Premieres When Someone Stops Loving You,35 k vues,il y a 6 ans
"Hayley Kiyoko - ""Feelings"" Footnotes",38 k vues,il y a 6 ans
Becky G - Becky G on the Art of the Music Video,134 k vues,il y a 6 ans
FLETCHER - Fletcher on Finding Closure and Coming into Her Own,104 k vues,il y a 6 ans
Niall Horan - Niall Horan: Closer To The Light | Vevo,378 k vues,il y a 6 ans
Ty Dolla $ign - Ty Dolla $ign's Favorite Hooks,36 k vues,il y a 6 ans
Cheat Codes - No Promises (Live on the Honda Stage at iHeartRadio Theater LA),128 k vues,il y a 6 ans
Cheat Codes - Feels Great (Live on the Honda Stage at iHeartRadio Theater LA),98 k vues,il y a 6 ans
SZA - Full Live Set from #VevoHalloween 2017,"1,2 M de vues",il y a 6 ans
"Yo Gotti - Yo Gotti: Still Street, Going Global",27 k vues,il y a 6 ans
Allie X - Vevo Meets: Allie X,34 k vues,il y a 6 ans
Jessie Reyez - Full Live Set from #VevoHalloween 2017,249 k vues,il y a 6 ans
Julia Michaels - Full Live Set from #VevoHalloween 2017,251 k vues,il y a 6 ans
Aminé - Full Live Set from #VevoHalloween 2017,147 k vues,il y a 6 ans
Khalid - Full Live Set from #VevoHalloween 2017,722 k vues,il y a 6 ans
"Aminé, Jessie Reyez, Julia Michaels, SZA, Khalid - Vevo Halloween Highlights (US)",76 k vues,il y a 6 ans
ALMA - Vevo Meets: Alma,48 k vues,il y a 6 ans
"Jake Miller - ""Can't Help Myself"" Footnotes",43 k vues,il y a 6 ans
"Jordan Fisher - ""Mess"" Footnotes",29 k vues,il y a 6 ans
Tove Styrke - Vevo Meets: Tove Styrke,42 k vues,il y a 6 ans
Chase Atlantic - Vevo Meets: Chase Atlantic,120 k vues,il y a 6 ans
mr goldie - Goldie: The Journey Man,10 k vues,il y a 6 ans
Ayo & Teo - Ayo & Teo Dance Challenge,418 k vues,il y a 6 ans
The Killers - Getting Personal (And a Little Awkward) with The Killers,472 k vues,il y a 6 ans
Rey Pila - Vevo Meets: Rey Pila,17 k vues,il y a 6 ans
Nick Jonas - Dear Nick Jonas,247 k vues,il y a 6 ans
A$AP Ferg - “Plain Jane” Footnotes,52 k vues,il y a 6 ans
Dreamcar - DREAMCAR's Road To Becoming A Band,29 k vues,il y a 6 ans
"Great Music, Bad Behavior: Inside ""Meet Me in the Bathroom"" and NYC's Last Rock Scene",87 k vues,il y a 6 ans
Nacho - :60 With,33 k vues,il y a 6 ans
Leikeli47 - Dear Leikeli47,32 k vues,il y a 6 ans
Jordan Davis - Vevo Meets: Jordan Davis,19 k vues,il y a 6 ans
LANY - :60 With,44 k vues,il y a 6 ans
Bleachers - The World According To Jack Antonoff,53 k vues,il y a 6 ans
The Script - :60 With,"3,6 k vues",il y a 6 ans
X Ambassadors - :60 With X Ambassadors,16 k vues,il y a 6 ans
"WALK THE MOON - ""One Foot"" Footnotes",34 k vues,il y a 6 ans
EZI - Vevo Meets: EZI,25 k vues,il y a 6 ans
Billie Eilish - Vevo Meets: Billie Ellish,975 k vues,il y a 6 ans
A Boogie Wit Da Hoodie - The Bigger Artist (Live at Vevo),34 k vues,il y a 6 ans
A Boogie Wit Da Hoodie - Beast Mode (Live at Vevo),47 k vues,il y a 6 ans
A Boogie Wit Da Hoodie - Say A (Live at Vevo),26 k vues,il y a 6 ans
A Boogie Wit Da Hoodie - Drowning (Live at Vevo),57 k vues,il y a 6 ans
"Torii Wolf, DJ Premier - Torii and Premo Talk Flow Riiot","8,1 k vues",il y a 6 ans
Dustin Lynch - Dear: Dustin Lynch,15 k vues,il y a 6 ans
Kacy Hill - Weight Lifting with Kacy Hill,28 k vues,il y a 6 ans
"Khalid, Julia Michaels, Jessie Reyez, Aminé, Rag'N'Bone Man - Vevo Halloween 2017 US & UK",39 k vues,il y a 6 ans
"Khalid, Julia Michaels, Jessie Reyez, Aminé - #VevoHalloween US 2017 On Sale Now!",29 k vues,il y a 6 ans
Jacquees - :60 With Jacquees,47 k vues,il y a 6 ans
The Big Moon - Hanging with Doggies and The Big Moon,12 k vues,il y a 6 ans
Grace Mitchell - Vevo Meets: Grace Mitchell,32 k vues,il y a 6 ans
Vevo - Backstage at The Meadows 2017,"7,3 k vues",il y a 6 ans
Rapsody - Laila's Wisdom (Live at Vevo),69 k vues,il y a 6 ans
Ace Hood - :60 With Ace Hood,55 k vues,il y a 6 ans
"Jessie Reyez - ""Great One"" Footnotes",59 k vues,il y a 6 ans
"Grizzly Bear - Grizzly Bear Talk Painted Ruins, Coming of Age and Lazer Boobs",26 k vues,il y a 6 ans
Louis Tomlinson - :60 With,579 k vues,il y a 6 ans
Run The Jewels - The World According To Run The Jewels,368 k vues,il y a 6 ans
The All-American Rejects - :60 With,23 k vues,il y a 6 ans
Nick Hakim - Nick Hakim: A Little Bit Bigger,31 k vues,il y a 6 ans
Towkio - :60 With Towkio,28 k vues,il y a 6 ans
24hrs - :60 With 24hrs,19 k vues,il y a 6 ans
Luis Fonsi - :60 With,106 k vues,il y a 6 ans
Harts - Vevo Meets: Harts,21 k vues,il y a 6 ans
Jack & Jack - :60 With Jack & Jack,85 k vues,il y a 6 ans
"NAO official - An Interview with NAO, hosted by Lizzy Plapinger",42 k vues,il y a 6 ans
KYLE - Kyle: When's The Last Time...,45 k vues,il y a 6 ans
French Montana - Dear French Montana,52 k vues,il y a 6 ans
"A$AP Ferg, A$AP Twelvyy - Still Twelve, Still Striving, Still Cozy (Live at Vevo)",47 k vues,il y a 6 ans
Trackstar The DJ - :60 With Trackstar The DJ,21 k vues,il y a 6 ans
Maluma - “Felices Los 4 (Salsa Version)” Footnotes [Español],57 k vues,il y a 6 ans
Maluma - Felices Los 4 (Salsa Version)” Footnotes [English],141 k vues,il y a 6 ans
Sir the Baptist - Vevo Meets: Sir the Baptist,23 k vues,il y a 6 ans
"VÉRITÉ - Interview with VÉRITÉ, hosted by Lizzy Plapinger ft. Lizzy Plapinger",22 k vues,il y a 6 ans
Dean Lewis - :60 With,"3,6 k vues",il y a 6 ans
Dagny - Catching Up With Dagny ft. Lizzy Plapinger,39 k vues,il y a 6 ans
Quiñ - Vevo Meets: Quiñ,44 k vues,il y a 6 ans
Hey Violet - :60 With,54 k vues,il y a 6 ans
Pete Murray - :60 With,352 vues,il y a 6 ans
Skott - Vevo Meets: Skott,25 k vues,il y a 6 ans
Victoria La Mala - Vevo Meets: Victoria La Mala,54 k vues,il y a 6 ans
"Charli XCX - ""Boys"" Footnotes",500 k vues,il y a 6 ans
"Khalid - ""Young Dumb & Broke"" Footnotes",1 M de vues,il y a 6 ans
Billy Raffoul - Vevo Meets: Billy Raffoul,23 k vues,il y a 6 ans
Beth Ditto - The World According To Beth Ditto,28 k vues,il y a 6 ans
Charlie Puth - :60 With,144 k vues,il y a 6 ans
WizKid - WizKid Takes NYC,70 k vues,il y a 6 ans
Joyner Lucas - Vevo Meets: Joyner Lucas,46 k vues,il y a 6 ans
GoldLink - We Are The Flowers In Your Dustbin,116 k vues,il y a 6 ans
Jerome Boateng - :60 With Jerome Boateng,35 k vues,il y a 6 ans
Vampire Weekend's Chris Tomson on Dams of the West and Being a Youngish American,10 k vues,il y a 6 ans
Bebe Rexha - :60 With,101 k vues,il y a 6 ans
"Julia Michaels - ""Uh Huh"" Footnotes",64 k vues,il y a 6 ans
James Blunt - Dear James Blunt,101 k vues,il y a 6 ans
Ray BLK - Vevo Meets: Ray Blk,21 k vues,il y a 6 ans
"Travis Scott - ""Butterfly Effect"" Footnotes",45 k vues,il y a 6 ans
Descendants Cast - :60 With,188 k vues,il y a 6 ans
Tei Shi - New Shapes with Tei Shi and Lizzy Plapinger,10 k vues,il y a 6 ans
Nathan Myers - Sing Out,40 k vues,il y a 6 ans
Cedric Gardner - Onward ft. Darius Scott,89 k vues,il y a 6 ans
Dwayne Reed - Welcome Back,92 k vues,il y a 6 ans
Shani Perez - Strut,18 k vues,il y a 6 ans
Albin Lee Meldau - Vevo Meets: Albin Lee Meldau,12 k vues,il y a 6 ans
Danny Brown - The World According To Danny Brown,238 k vues,il y a 6 ans
Fifth Harmony - Fifth Harmony Superlatives,133 k vues,il y a 6 ans
Jessie Reyez - Vevo Meets: Jessie Reyez,63 k vues,il y a 6 ans
Dej Loaf - :60 With,71 k vues,il y a 6 ans
"ZZ Ward - ZZ Ward talks about how she weathered ""The Storm""",28 k vues,il y a 6 ans
Sundara Karma - Vevo Meets: Sundara Karma,32 k vues,il y a 6 ans
Drake White - :60 With,44 k vues,il y a 6 ans
Ella Vos - Vevo Meets: Ella Vos,60 k vues,il y a 6 ans
"Wrabel - Wrabel on Fans, New Music and Working with Stargate","9,9 k vues",il y a 6 ans
Halsey - Halsey on Losing Herself to Find Herself Again,1 M de vues,il y a 6 ans
"Primus - Les Claypool from Primus talks ""Goblin Rock""",145 k vues,il y a 6 ans
Hunter Hayes - :60 With,41 k vues,il y a 6 ans
Kirin J Callinan - Vevo Meets: Kirin J Callinan,30 k vues,il y a 6 ans
Jazz Cartier - :60 With,54 k vues,il y a 6 ans
Tyler Farr - Dear Tyler,"9,7 k vues",il y a 6 ans
Mack Wilds - Mack Wilds Gets Intimate AfterHours,33 k vues,il y a 6 ans
Brett Young - :60 With,26 k vues,il y a 6 ans
Jasmine Thompson - Vevo Meets:,27 k vues,il y a 6 ans
Oh Wonder - :60 With,39 k vues,il y a 6 ans
"DJ Khaled - Show & Tell: DJ Khaled ""Wild Thoughts"" ft. Rihanna & Bryson Tiller",368 k vues,il y a 6 ans
koRn - Korn on new music and the evolution of their sound,174 k vues,il y a 6 ans
Sammy Brue - Vevo Meets: Sammy Brue,10 k vues,il y a 6 ans
"The Offspring - The Offspring on Suburbia, Sharknado and Molecular Biology",23 k vues,il y a 6 ans
Niall Horan - :60 with,321 k vues,il y a 6 ans
No Frills Twins - Vevo Meets,16 k vues,il y a 6 ans
Ocean Park Standoff - :60 With,13 k vues,il y a 6 ans
"Motionless in White share their thoughts on social media and growing up in Scranton, PA",82 k vues,il y a 6 ans
Luke Combs - :60 With,24 k vues,il y a 6 ans
Belly - The World According to Belly,79 k vues,il y a 6 ans
Gojira - Gojira discuss their latest music and current tastes,73 k vues,il y a 6 ans
Corey Taylor From Stone Sour Talks New Music And His Latest Literary Endeavors,64 k vues,il y a 6 ans
Niia - Vevo Meets: Niia,25 k vues,il y a 6 ans
"Luis Fonsi - Luis Fonsi Explains The Slow Success Of ""Despacito""",474 k vues,il y a 6 ans
Girlpool - Vevo Meets: Girlpool,22 k vues,il y a 6 ans
K.Flay - Places that Shape K.Flay,13 k vues,il y a 6 ans
"Chris Cornell, Soundgarden - Remembering Chris Cornell",32 k vues,il y a 6 ans
Mabel - Vevo Meets: Mabel,109 k vues,il y a 6 ans
Oshun - Vevo Meets: Oshun,44 k vues,il y a 6 ans
Matt Maeson - Vevo Meets: Matt Maeson,33 k vues,il y a 6 ans
Lil Yachty - The World According To Lil Yachty,606 k vues,il y a 6 ans
Middle Kids - Vevo Meets: Middle Kids,22 k vues,il y a 6 ans
Midland - Vevo Meets: Midland,34 k vues,il y a 6 ans
Taryn Manning - :60 With,47 k vues,il y a 6 ans
"Brother Ali - Brother Ali speaks on ""Dear Black Son"" and the state of the country",22 k vues,il y a 6 ans
MISSIO - Vevo Meets: MISSIO,51 k vues,il y a 6 ans
Torii Wolf - Vevo Meets: Torii Wolf,35 k vues,il y a 6 ans
Cold War Kids - Cold War Kids on Love and L.A.,17 k vues,il y a 6 ans
Kap G - Vevo Meets: Kap G,34 k vues,il y a 6 ans
Jain - Vevo Meets: JAIN,66 k vues,il y a 6 ans
Charli XCX - New Shapes with Charli XCX and Lizzy Plapinger,44 k vues,il y a 6 ans
"Lecrae - Lecrae Talks ""Blessings"" and Struggles",21 k vues,il y a 6 ans
The Vamps - The Vamps Talk Life On The Road,72 k vues,il y a 6 ans
GoldLink - Goldlink on New Music and life in DMV,51 k vues,il y a 6 ans
Depeche Mode - Interview with Dave Gahan,686 k vues,il y a 6 ans
gnash - :60 With,46 k vues,il y a 6 ans
Skip Marley - Vevo Meets: Skip Marley,146 k vues,il y a 6 ans
Konshens - :60 With,21 k vues,il y a 6 ans
Troi Irons - Vevo Meets: Troi Irons,43 k vues,il y a 6 ans
Sabrina Claudio - Vevo Meets: Sabrina Claudio,76 k vues,il y a 6 ans
Steve Moakler - Vevo Meets: Steve Moakler,27 k vues,il y a 6 ans
YFN Lucci - Vevo Meets: YFN Lucci,149 k vues,il y a 6 ans
Bea Miller - Bea Miller's Self-Reflection & New Music,65 k vues,il y a 6 ans
POWERS - :60 With,26 k vues,il y a 6 ans
Mr Eazi - Vevo Meets: Mr Eazi,38 k vues,il y a 6 ans
Earl St. Clair - Vevo Meets: Earl St.Clair,33 k vues,il y a 6 ans
Leaf - Vevo Meets: Leaf,15 k vues,il y a 6 ans
THEY. - Vevo Meets: THEY.,78 k vues,il y a 6 ans
Pnau - :60 With,19 k vues,il y a 6 ans
K.I.D - :60 With,32 k vues,il y a 6 ans
Mario - :60 With,18 k vues,il y a 6 ans
Michelle Branch on her New Album and Working with Patrick Carney of The Black Keys,75 k vues,il y a 6 ans
Vevo Watch Party,37 k vues,il y a 6 ans
Julia Michaels - Introducing Julia Michaels,190 k vues,il y a 6 ans
B.o.B - :60 With,90 k vues,il y a 6 ans
GoldLink - :60 With,58 k vues,il y a 6 ans
Rick Ross - Rick Ross Has a Lot to Say About His New Album and The New President,116 k vues,il y a 6 ans
Zara Larsson - Zara Answers Questions from Fans,282 k vues,il y a 6 ans
"Fat Joe, Remy Ma - Dear Fat Joe and Remy Ma",78 k vues,il y a 6 ans
THEY. - :60 With,35 k vues,il y a 6 ans
"Jidenna - Jidenna on The Chief, Moonlight and Immigration",58 k vues,il y a 6 ans
Alex Aiono - :60 With,67 k vues,il y a 6 ans
Urban Cone - :60 with,30 k vues,il y a 6 ans
Michelle Branch - :60 with,60 k vues,il y a 6 ans
Jason Derulo - :60 with,73 k vues,il y a 6 ans
Olivia O'Brien - :60 with,146 k vues,il y a 6 ans
Token - Rhyme and Reason: Doozy,378 k vues,il y a 6 ans
Brayton Bowman - :60 with,22 k vues,il y a 6 ans
Tory Lanez - A.K.A. Tory Lanez,203 k vues,il y a 6 ans
Amy Shark - Adore (Vevo Show & Tell),5 k vues,il y a 6 ans
CLOVES - :60 with Cloves,"1,4 k vues",il y a 6 ans
Moxie Raia - Julz visits the 931 Studio ft. Julz,66 k vues,il y a 6 ans
Kane Brown - :60 With,59 k vues,il y a 6 ans
Highasakite - :60 With,"1,9 k vues",il y a 6 ans
Kiesza - :60 With,155 k vues,il y a 6 ans
Fatman Scoop - :60 With,35 k vues,il y a 6 ans
Nick Grant - Rhyme and Reason: The Sing Along,176 k vues,il y a 6 ans
E-40 - A.K.A. E-40,151 k vues,il y a 6 ans
Rob $tone - First and Only,61 k vues,il y a 6 ans
MUNA - New Shapes ft. Lizzy Plapinger,83 k vues,il y a 6 ans
Dan + Shay - :60 With,60 k vues,il y a 6 ans
Tory Lanez - :60 With,354 k vues,il y a 6 ans
Joe Budden - Rhyme and Reason: I Gotta Ask,165 k vues,il y a 6 ans
Nick Grant - :60 With,38 k vues,il y a 6 ans
"Tory Lanez - The Screening Room: Breaking Down ""LUV"" ft. Drewski",121 k vues,il y a 6 ans
Guy Sebastian - Set In Stone (Vevo Show & Tell),869 vues,il y a 6 ans
Guy Sebastian - :60 with Guy Sebastian,535 vues,il y a 6 ans
The Weeknd - Vevo Presents (Teaser),222 k vues,il y a 6 ans
Rob $tone - Hot Wieners & Coffee Milk in Providence,43 k vues,il y a 6 ans
Vevo - RnB Fridays Live – Behind The Scenes with Ash London,"1,4 k vues",il y a 7 ans
2 Chainz - YesJulz And 2 Chainz Discuss New Collab Clothing Line (Vevo Original),31 k vues,il y a 7 ans
The Pretty Reckless - :60 with,88 k vues,il y a 7 ans
Catfish and the Bottlemen - Outside (Vevo Presents),242 k vues,il y a 7 ans
Sean Paul - :60 With,63 k vues,il y a 7 ans
Gucci Mane - Sad Christmas story at Art Basel ft. YesJulz,69 k vues,il y a 7 ans
Catfish and the Bottlemen - Fallout (Vevo Presents),173 k vues,il y a 7 ans
Catfish and the Bottlemen - Behind The Scenes (Vevo Presents),30 k vues,il y a 7 ans
Peking Duk - Stranger ft. Elliphant (Vevo Show & Tell),"3,5 k vues",il y a 7 ans
Catfish and the Bottlemen - Cocoon (Vevo Presents),148 k vues,il y a 7 ans
Catfish and the Bottlemen - 7 (Vevo Presents),114 k vues,il y a 7 ans
Catfish and the Bottlemen - Business (Vevo Presents),192 k vues,il y a 7 ans
"Samantha Jade, Cyrus - :60 With",549 vues,il y a 7 ans
Rag'N'Bone Man - :60 With,695 vues,il y a 7 ans
Joe Budden - :60 with,83 k vues,il y a 7 ans
Rag'N'Bone Man - Human (Vevo Show & Tell),32 k vues,il y a 7 ans
Joey Bada$$ - A.K.A. Joey Bada$$,357 k vues,il y a 7 ans
Bahari - Style Mix Designed by Nordstrom,39 k vues,il y a 7 ans
Reykon - A.K.A. Reykon,517 k vues,il y a 7 ans
Dami Im - :60 With,580 vues,il y a 7 ans
Aminé - Caroline (Vevo Show & Tell),608 k vues,il y a 7 ans
E-40 - :60 with,48 k vues,il y a 7 ans
Betty Who - :60 With,27 k vues,il y a 7 ans
Rolling Stone P - That “New” Jersey Style ft. Drewski,17 k vues,il y a 7 ans
Yelawolf - First and Only,72 k vues,il y a 7 ans
Vevo - Live at the CMA Awards Red Carpet,17 k vues,il y a 7 ans
PARMALEE - Bandmates,27 k vues,il y a 7 ans
Dave East - YesJulz & Dave East Discuss Some Life Goals,66 k vues,il y a 7 ans
Bethany Cosentino - Why I Vote Live: Female Empowerment and Equality,13 k vues,il y a 7 ans
"T.I. - Why I Vote Live: Mass Incarceration, Drug Laws, Voting Rights",11 k vues,il y a 7 ans
Vevo - Why I Vote Live: Make Your Voting Plan,10 k vues,il y a 7 ans
Vic Mensa - Why I Vote Live: Police Accountability and Electing Local Politicians,"7,5 k vues",il y a 7 ans
Vevo - Why I Vote Live: Where do you hope to see America four years from now?,13 k vues,il y a 7 ans
Andra Day - Why I Vote Live: Impacting Education Through the Arts,7 k vues,il y a 7 ans
"TI, Vic Mensa, Andra Day, Bethany Cosentino - Why I Vote Live: 2016 Election Special",16 k vues,il y a 7 ans
Common - Voting 101: Voting Rights Act,25 k vues,il y a 7 ans
Phillip Phillips - Voting 101: Supreme Court,"9,9 k vues",il y a 7 ans
JoJo - Why I Vote,131 k vues,il y a 7 ans
"Return to Arlene's Grocery (Small Clubs, Big Stories Presented by Chevy Small Cars)","6,4 k vues",il y a 7 ans
Common - Why I Vote,135 k vues,il y a 7 ans
Olivia Holt - Style Mix Designed by Nordstrom,96 k vues,il y a 7 ans
Andra Day - Why I Vote,131 k vues,il y a 7 ans
OneRepublic - Voting 101: Get Out The Vote,20 k vues,il y a 7 ans
Common - Rhyme and Reason: Letter To The Free,289 k vues,il y a 7 ans
John Legend - Why I Vote,198 k vues,il y a 7 ans
Dave East - First and Only: Dave East,68 k vues,il y a 7 ans
Maren Morris - Style Mix Designed by Nordstrom,28 k vues,il y a 7 ans
Rise Against - Why I Vote,123 k vues,il y a 7 ans
Becky G - Why I Vote,"1,3 M de vues",il y a 7 ans
American Authors - Why I Vote,105 k vues,il y a 7 ans
Chocolate Droppa - A.K.A. Chocolate Droppa,799 k vues,il y a 7 ans
Kent Jones - Alright (Vevo Show & Tell),109 k vues,il y a 7 ans
Chocolate Droppa - Rhyme and Reason: Freestyle,333 k vues,il y a 7 ans
Lewis Del Mar - New Shapes ft. Lizzy Plapinger,37 k vues,il y a 7 ans
Kent Jones - Voting: 101 - What are Swing States?,30 k vues,il y a 7 ans
Kesha - Why I Vote,954 k vues,il y a 7 ans
Havana Brown - :60 With,573 vues,il y a 7 ans
Chocolate Droppa - Chocolate Droppa Calls In Some Favors,82 k vues,il y a 7 ans
St. Lucia - Behind The Scenes (Vevo Presents),23 k vues,il y a 7 ans
St. Lucia - Elevate (Vevo Presents),74 k vues,il y a 7 ans
St. Lucia - Dancing on Glass (Vevo Presents),37 k vues,il y a 7 ans
St. Lucia - A Conversation With St. Lucia and Lizzy Plapinger (Vevo Presents),"9,6 k vues",il y a 7 ans
T.I. - Why I Vote,379 k vues,il y a 7 ans
Bridgit Mendler - :60 With,121 k vues,il y a 7 ans
St. Lucia - Love Somebody (Vevo Presents),204 k vues,il y a 7 ans
St. Lucia - Closer than This (Vevo Presents),510 k vues,il y a 7 ans
St. Lucia - The Winds of Change (Vevo Presents),47 k vues,il y a 7 ans
Meat Loaf - :60 With,21 k vues,il y a 7 ans
YesJulz - Julz Vs. The World: 9/30/16,35 k vues,il y a 7 ans
French Montana - A.K.A. French Montana,57 k vues,il y a 7 ans
Vic Mensa - Why I Vote,501 k vues,il y a 7 ans
Kent Jones - First and Only: Kent Jones,75 k vues,il y a 7 ans
"Vic Mensa, Kesha, American Authors, T.I. - Why I Vote (Series Trailer)",77 k vues,il y a 7 ans
Crowder - :60 with,20 k vues,il y a 7 ans
French Montana - :60 With,129 k vues,il y a 7 ans
Taylor Henderson - :60 With,810 vues,il y a 7 ans
"Allen Stone - Freezer Burn (Small Clubs, Big Stories Presented by Chevy Small Cars)",52 k vues,il y a 7 ans
"Allen Stone - The Wire (Small Clubs, Big Stories Presented by Chevy Small Cars)",38 k vues,il y a 7 ans
"Allen Stone - Where You're At (Small Clubs, Big Stories Presented by Chevy Small Cars)",57 k vues,il y a 7 ans
"Allen Stone - Hotel Café (Small Clubs, Big Stories Presented by Chevy Small Cars)",18 k vues,il y a 7 ans
Jon Pardi - Behind The Scenes (Vevo Presents),12 k vues,il y a 7 ans
A Thousand Horses - Bandmates,25 k vues,il y a 7 ans
Glass Animals - :60 With,23 k vues,il y a 7 ans
Janelle Monáe - I Met Janelle Monae (Presented by Toyota),16 k vues,il y a 7 ans
Homeboy Sandman - Rhyme and Reason: Eyes,73 k vues,il y a 7 ans
Skyzoo - Rhyme and Reason: A Couple Dollars,79 k vues,il y a 7 ans
Bas - Rhyme and Reason: Methylone,35 k vues,il y a 7 ans
NF - Rhyme and Reason: Real,866 k vues,il y a 7 ans
Jon Pardi - She Ain't In It (Vevo Presents),519 k vues,il y a 7 ans
Jon Pardi - Night Shift (Vevo Presents),"1,8 M de vues",il y a 7 ans
Jon Pardi - Head Over Boots (Vevo Presents),180 k vues,il y a 7 ans
Jon Pardi - Heartache On The Dancefloor (Vevo Presents),703 k vues,il y a 7 ans
Jon Pardi - Dirt On My Boots (Vevo Presents),2 M de vues,il y a 7 ans
"DJ Khaled - Drewski connects DJ Khaled with aspiring MC, Cito",100 k vues,il y a 7 ans
Betty Who - Style Mix Designed by Nordstrom,27 k vues,il y a 7 ans
LANco - Bandmates,18 k vues,il y a 7 ans
blink-182 - Bandmates,577 k vues,il y a 7 ans
Frances - :60 with,14 k vues,il y a 7 ans
Florida Georgia Line - Bandmates,100 k vues,il y a 7 ans
Troye Sivan - Love is A Losing Game (Vevo Presents),306 k vues,il y a 7 ans
Lauren Alaina - :60 with,37 k vues,il y a 7 ans
DJ Drama - A.K.A. DJ Drama,90 k vues,il y a 7 ans
YesJulz - Live from the MTV VMA White Carpet,71 k vues,il y a 7 ans
Jake Owen - American Country Love Song (Vevo Show & Tell),34 k vues,il y a 7 ans
Eric Paslay - High Class (Vevo Show & Tell),40 k vues,il y a 7 ans
William DuVall - :60 with,39 k vues,il y a 7 ans
Jon Pardi - Head Over Boots (Vevo Show & Tell),30 k vues,il y a 7 ans
Joey Bada$$ - Rhyme and Reason: Like Me,276 k vues,il y a 7 ans
Cage The Elephant - Trouble (Vevo Show & Tell),104 k vues,il y a 7 ans
blink-182 - :60 with Travis Barker,247 k vues,il y a 7 ans
blink-182 - :60 with Mark Hoppus,239 k vues,il y a 7 ans
blink-182 - :60 with Matt Skiba,170 k vues,il y a 7 ans
Karol G - Casi Nada (Vevo Show & Tell),390 k vues,il y a 7 ans
Frances - :60 With,"7,7 k vues",il y a 7 ans
Bethany Cosentino - Style Mix Designed by Nordstrom,24 k vues,il y a 7 ans
Shane Harper - :60 with,95 k vues,il y a 7 ans
"Gorgon City, Wyclef Jean - Kingdom Conversations",92 k vues,il y a 7 ans
Chris Lane - :60 with,32 k vues,il y a 7 ans
Vince Staples - Style Mix Designed by Nordstrom,24 k vues,il y a 7 ans
Troye Sivan - FOOLS (Vevo Presents),249 k vues,il y a 7 ans
Troye Sivan - WILD (Vevo Presents) ft. Alessia Cara,"1,1 M de vues",il y a 7 ans
Troye Sivan - YOUTH (Vevo Presents),250 k vues,il y a 7 ans
Alessia Cara - River Of Tears (Vevo Presents),"1,4 M de vues",il y a 7 ans
Alessia Cara - Here (Vevo Presents) ft. Troye Sivan,"3,1 M de vues",il y a 7 ans
Alessia Cara - Scars To Your Beautiful (Vevo Presents),855 k vues,il y a 7 ans
"Cage The Elephant - Return to Slim's (Small Clubs, Big Stories Presented by Chevy Small Cars)",12 k vues,il y a 7 ans
"Cold Cold Cold (Small Clubs, Big Stories Presented by Chevy Small Cars)",25 k vues,il y a 7 ans
"Cage The Elephant - Trouble (Small Clubs, Big Stories Presented by Chevy Small Cars)",82 k vues,il y a 7 ans
"Come A Little Closer (Small Clubs, Big Stories Presented by Chevy Small Cars)",15 k vues,il y a 7 ans
Jon Pardi - :60 with,26 k vues,il y a 7 ans
Chase Rice - :60 with,49 k vues,il y a 7 ans
Fantasia - :60 With,35 k vues,il y a 7 ans
Jake Owen - :60 with,40 k vues,il y a 7 ans
Sophie Beem - Style Mix Designed by Nordstrom,39 k vues,il y a 7 ans
Mumford & Sons - The Making of Johannesburg,32 k vues,il y a 7 ans
Remy Ma - Rhyme and Reason: All The Way Up,128 k vues,il y a 7 ans
"Royce da 5'9"" - Rhyme and Reason: Boom",93 k vues,il y a 7 ans
Kip Moore - Running For You: Live on the Beach (Presented by Corona Extra),95 k vues,il y a 7 ans
Cryptic Wisdom - Rhyme and Reason: Forgot How To Rap,50 k vues,il y a 7 ans
Vic Mensa - Rhyme and Reason: 16 Shots,183 k vues,il y a 7 ans
Fat Joe - Rhyme and Reason: All The Way Up,138 k vues,il y a 7 ans
"Royce da 5'9"" - Rhyme and Reason: Tabernacle",49 k vues,il y a 7 ans
Katy Perry - Last Friday Night (Vevo’s Do It YourSelfie),"5,3 M de vues",il y a 7 ans
ScHoolboy Q - :60 with,95 k vues,il y a 7 ans
Jordan Fisher - :60 with,64 k vues,il y a 7 ans
The Veronicas - :60 with,"3,7 k vues",il y a 7 ans
Ariana Grande - Focus (Vevo’s Do It YourSelfie),"1,6 M de vues",il y a 7 ans
Maren Morris - :60 with,58 k vues,il y a 7 ans
Nick Jonas - Close (Vevo Show & Tell),93 k vues,il y a 7 ans
A$AP Ferg - Let It Bang (Vevo Show & Tell),100 k vues,il y a 7 ans
Daya - :60 with,57 k vues,il y a 7 ans
Broods - Bandmates,28 k vues,il y a 7 ans
Meghan Trainor - Behind The Scenes (Vevo Presents),54 k vues,il y a 7 ans
Justin Bieber - Sorry (Vevo’s Do It YourSelfie),"2,7 M de vues",il y a 7 ans
Tom Odell - :60 with,62 k vues,il y a 7 ans
CNCO - Bandmates,"5,2 M de vues",il y a 7 ans
Fat Joe - :60 with,90 k vues,il y a 7 ans
J Balvin - 6 AM (Vevo Show & Tell),153 k vues,il y a 7 ans
The Lonely Island - :60 with Jorma Taccone,99 k vues,il y a 7 ans
Niykee Heaton - :60 with,110 k vues,il y a 7 ans
The Lonely Island - :60 with Akiva Schaffer,72 k vues,il y a 7 ans
The Lonely Island - :60 with Andy Samberg,303 k vues,il y a 7 ans
Kongos - Bandmates,27 k vues,il y a 7 ans
Selena Gomez - Hands To Myself (Vevo’s Do It YourSelfie),"1,9 M de vues",il y a 7 ans
Thalía - :60 with,264 k vues,il y a 7 ans
Jennifer Nettles - What’s In My Room brought to you by Marriott Rewards,50 k vues,il y a 7 ans
Timeflies - Bandmates,17 k vues,il y a 7 ans
Feel The Music Presented by Pandora,56 k vues,il y a 7 ans
Delta Goodrem - :60 with,"2,1 k vues",il y a 7 ans
Jencarlos - Baby (Vevo Show & Tell),203 k vues,il y a 7 ans
Bibi Bourelly - :60 with,44 k vues,il y a 7 ans
Meghan Trainor - Just a Friend To You (Vevo Presents),"5,9 M de vues",il y a 7 ans
Meghan Trainor - NO (Vevo Presents),702 k vues,il y a 7 ans
Meghan Trainor - :60 with,61 k vues,il y a 7 ans
Meghan Trainor - Hopeless Romantic (Vevo Presents),"1,2 M de vues",il y a 7 ans
The Internet - Bandmates,75 k vues,il y a 7 ans
Fifth Harmony - Work From Home (Vevo’s Do It YourSelfie),"1,6 M de vues",il y a 7 ans
Sigala - :60 with,33 k vues,il y a 7 ans
Gente De Zona - Bandmates,244 k vues,il y a 7 ans
Sneaky Sound System - :60 with,894 vues,il y a 7 ans
Hailee Steinfeld - Style Mix Designed by Nordstrom,88 k vues,il y a 7 ans
Trevi Moran - :60 with,40 k vues,il y a 7 ans
"Fat Joe, Remy Ma - Bandmates",104 k vues,il y a 7 ans
Hailee Steinfeld - Rock Bottom (Vevo Show & Tell),33 k vues,il y a 7 ans
Keke Palmer - :60 with,55 k vues,il y a 7 ans
LOCASH - Bandmates,28 k vues,il y a 7 ans
"Royce da 5'9"" - :60 with",62 k vues,il y a 7 ans
The Struts - Bandmates,101 k vues,il y a 7 ans
Pete Wentz - What’s In My Room brought to you by Marriott Rewards,123 k vues,il y a 7 ans
Zendaya - :60 with,164 k vues,il y a 7 ans
Sabrina Carpenter - :60 with,200 k vues,il y a 7 ans
Broods - :60 with,"1,5 k vues",il y a 7 ans
Casey Veggies - Style Mix Designed by Nordstrom,50 k vues,il y a 7 ans
Ladyhawke - :60 with,655 vues,il y a 7 ans
Next Of Kin - Something About You,71 k vues,il y a 7 ans
Jencarlos - :60 with,97 k vues,il y a 7 ans
Post Malone - :60 with,550 k vues,il y a 7 ans
Hilltop Hoods - :60 With,766 vues,il y a 7 ans
BØRNS - :60 with,54 k vues,il y a 7 ans
The Vamps - :60 with,26 k vues,il y a 7 ans
Vevo for Android,75 k vues,il y a 7 ans
Zakk Wylde - :60 with,39 k vues,il y a 7 ans
"Lee Jean - ""Make It Rain"" by Ed Sheeran - AMERICAN IDOL",364 k vues,il y a 7 ans
"Thomas Stringfellow - ""Story of My Life"" by One Direction - AMERICAN IDOL",123 k vues,il y a 7 ans
"Gianna Isabella - ""I Still Believe"" by Brenda K. Starr - AMERICAN IDOL",439 k vues,il y a 7 ans
"Avalon Young - ""Yo (Excuse Me Miss)"" by Chris Brown - AMERICAN IDOL",510 k vues,il y a 7 ans
Elton John - :60 with,123 k vues,il y a 7 ans
LION BABE - :60 With,"5,5 k vues",il y a 7 ans
Monica - :60 with,59 k vues,il y a 7 ans
Ellie Goulding - On My Mind (Vevo’s Do It YourSelfie),854 k vues,il y a 7 ans
Wisin - Tu Libertad (Vevo Show & Tell),322 k vues,il y a 7 ans
Straight Outta Compton – Vevo Exclusive Deleted Song Performance (Explicit),822 k vues,il y a 7 ans
The 1975 - Love Me (Vevo Show & Tell),207 k vues,il y a 7 ans
Selena Gomez - Same Old Love (Vevo’s Do It YourSelfie),826 k vues,il y a 7 ans
Andrew McMahon - :60 with,15 k vues,il y a 7 ans
August Alsina - :60 with,106 k vues,il y a 7 ans
Cyrus - :60 with,"3,4 k vues",il y a 7 ans
iLoveMemphis - Hit The Quan (Vevo Show & Tell),128 k vues,il y a 7 ans
Vevo - Eva and Tess Hang Out at The Year In Vevo,105 k vues,il y a 8 ans
Duke Dumont - :60 With,"1,9 k vues",il y a 8 ans
Demi Lovato - Confident (Vevo’s Do It YourSelfie),1 M de vues,il y a 8 ans
Machine Gun Kelly - :60 with,134 k vues,il y a 8 ans
Charles Kelley - ASK:REPLY,14 k vues,il y a 8 ans
Daddy Yankee - Sigueme–y-Te-Sigo (Vevo Show & Tell),125 k vues,il y a 8 ans
Squad Goals - Winner Announcement (The Year In Vevo),389 k vues,il y a 8 ans
Turn Up Anthem - Winner Announcement (The Year In Vevo),143 k vues,il y a 8 ans
Vevo Vid Of The Year - Winner Announcement (The Year In Vevo),442 k vues,il y a 8 ans
YAASS QUEEN - Winner Announcement (The Year In Vevo),179 k vues,il y a 8 ans
Those Moves Tho! - Winner Announcement (The Year In Vevo),86 k vues,il y a 8 ans
Your New Fave - Winner Announcement (The Year In Vevo),65 k vues,il y a 8 ans
All The Feels - Winner Announcement (The Year In Vevo),85 k vues,il y a 8 ans
Vision Award - Winner Announcement (The Year In Vevo),53 k vues,il y a 8 ans
Relationship Goals - Winner Announcement (The Year In Vevo),81 k vues,il y a 8 ans
Fashion Killa - Winner Announcement (The Year In Vevo),51 k vues,il y a 8 ans
LOL - Winner Announcement (The Year In Vevo),31 k vues,il y a 8 ans
Rapsody - Rhyme and Reason: Complexion (A Zulu Love),244 k vues,il y a 8 ans
Rapsody - Rhyme and Reason: Hard to Choose,18 k vues,il y a 8 ans
Sarah Blasko - ASK:REPLY,620 vues,il y a 8 ans
Dawin - :60 with,762 vues,il y a 8 ans
Diego Boneta - :60 with,95 k vues,il y a 8 ans
Charles Kelley - :60 with,17 k vues,il y a 8 ans
Armin Van Buuren - :60 with,873 vues,il y a 8 ans
Sabrina Carpenter - Eyes Wide Open (Vevo Show & Tell),65 k vues,il y a 8 ans
Sara Bareilles - ASK:REPLY,58 k vues,il y a 8 ans
Yo Gotti - A.K.A. Yo Gotti,139 k vues,il y a 8 ans
Sia - Elastic Heart – The Year In Vevo (Eva Gutowski),110 k vues,il y a 8 ans
MS MR - Bandmates,13 k vues,il y a 8 ans
St. Lucia - :60 with (presented by Nixon),"8,7 k vues",il y a 8 ans
Nelly - :60 with,47 k vues,il y a 8 ans
Silentó - Watch Me (Whip/Nae Nae) - The Year In Vevo (Eva Gutowski),"1,1 M de vues",il y a 8 ans
Fifth Harmony - Worth It (Vevo’s Do It YourSelfie),"1,3 M de vues",il y a 8 ans
The Weeknd - The Hills – The Year In Vevo (Tess Christine),143 k vues,il y a 8 ans
Taylor Swift - Bad Blood – The Year In Vevo (Tess Christine),153 k vues,il y a 8 ans
Robin Thicke - Back Together (Vevo Show & Tell),62 k vues,il y a 8 ans
Johnny Rollins - ASK:REPLY,349 vues,il y a 8 ans
Maddie & Tae - Bandmates,181 k vues,il y a 8 ans
Fifth Harmony - :60 with Ally and Camila,655 k vues,il y a 8 ans
Fifth Harmony - :60 with Lauren and Dinah,916 k vues,il y a 8 ans
R. City - Locked Away (Vevo Show & Tell),21 k vues,il y a 8 ans
Fifth Harmony - :60 with Normani,316 k vues,il y a 8 ans
LunchMoney Lewis - ASK:REPLY,350 vues,il y a 8 ans
Fabolous - A.K.A. Fabolous presented by Coors Light,200 k vues,il y a 8 ans
Zedd - ASK:REPLY,108 k vues,il y a 8 ans
Kip Moore - :60 with,17 k vues,il y a 8 ans
Nathan Sykes - :60 with,42 k vues,il y a 8 ans
MKTO - Bandmates,82 k vues,il y a 8 ans
Tigerlily - ASK:REPLY,26 k vues,il y a 8 ans
Rita Ora - Body On Me (Vevo Show & Tell),30 k vues,il y a 8 ans
Tori Kelly - :60 with,57 k vues,il y a 8 ans
R. City - Bandmates,96 k vues,il y a 8 ans
Nick Jonas - ASK:REPLY,35 k vues,il y a 8 ans
The Vamps - Bandmates,271 k vues,il y a 8 ans
Tove Lo - :60 with,49 k vues,il y a 8 ans
Silentó - Watch Me (Whip / Nae Nae) (Vevo's Dancing For Love w/Fik-Shun),"3,1 M de vues",il y a 8 ans
Boy & Bear - ASK:REPLY,939 vues,il y a 8 ans
Prince Royce - Back It Up (Vevo Show & Tell),146 k vues,il y a 8 ans
Joell Ortiz - Rhyme and Reason: Kay Slay Freestyle,156 k vues,il y a 8 ans
Silentó - Vevo GO Shows: Watch Me (Whip/Nae Nae),4 M de vues,il y a 8 ans
5 Seconds of Summer - ASK:REPLY,418 k vues,il y a 8 ans
Leona Lewis - ASK:REPLY (presented by Marriott),28 k vues,il y a 8 ans
The Weeknd - Can't Feel My Face (Vevo's Dancing For Love),"2,8 M de vues",il y a 8 ans
Nick Jonas - :60 with,77 k vues,il y a 8 ans
Jidenna - Classic Man (Vevo Show & Tell),98 k vues,il y a 8 ans
Demi Lovato - Cool For The Summer (Alisha Marie's Favorite Moments),184 k vues,il y a 8 ans
Machine Gun Kelly - Rhyme and Reason: Edge Of Destruction,236 k vues,il y a 8 ans
Machine Gun Kelly - Rhyme and Reason: A Little More,258 k vues,il y a 8 ans
Jem and the Holograms - :60 with,30 k vues,il y a 8 ans
J Balvin - :60 with,258 k vues,il y a 8 ans
K Camp - Rhyme and Reason: Change,25 k vues,il y a 8 ans
K Camp - Rhyme and Reason: Comfortable,125 k vues,il y a 8 ans
Jem and the Holograms - Outrageous Styles of Jem and the Holograms,29 k vues,il y a 8 ans
Austin Mahone - :60 with,100 k vues,il y a 8 ans
Jidenna - Rhyme and Reason: Classic Man,180 k vues,il y a 8 ans
Jidenna - Rhyme and Reason: Long Live the Chief,114 k vues,il y a 8 ans
Jem and the Holograms - Introducing Jem and the Holograms,121 k vues,il y a 8 ans
Timeflies - :60 with,25 k vues,il y a 8 ans
Hailee Steinfeld - :60 with,190 k vues,il y a 8 ans
Kip Moore - ASK:REPLY,28 k vues,il y a 8 ans
Rich Homie Quan - Rhyme and Reason: Flex,188 k vues,il y a 8 ans
Rich Homie Quan - Rhyme and Reason: Investments,27 k vues,il y a 8 ans
Years & Years - :60 with,158 k vues,il y a 8 ans
Florida Georgia Line - Super Fan Showdown (#VevoSFS),92 k vues,il y a 8 ans
Tyrese - Let It Roll (Presented by Autotrader),"1,8 M de vues",il y a 8 ans
Austin Mahone - ASK:REPLY,68 k vues,il y a 8 ans
Baio - ASK:REPLY,759 vues,il y a 8 ans
James Bay - :60 with,62 k vues,il y a 8 ans
Jarryd James - ASK:REPLY,887 vues,il y a 8 ans
Katy Perry - Super Fan Showdown (#VevoSFS),405 k vues,il y a 8 ans
5 Seconds of Summer - Rock Out With Your Socks Out (Vevo Tour Exposed),681 k vues,il y a 8 ans
Hailee Steinfeld - ASK:REPLY,203 k vues,il y a 8 ans
Zedd - :60 with,89 k vues,il y a 8 ans
K Camp - :60 with,75 k vues,il y a 8 ans
Nicki Minaj - The Night Is Still Young (Vevo’s Do It YourSelfie),"1,2 M de vues",il y a 8 ans
Tyrese - :60 with,54 k vues,il y a 8 ans
Gin Wigmore - ASK:REPLY,20 k vues,il y a 8 ans
5 Seconds of Summer - Certified Live - Aug. 24,23 k vues,il y a 8 ans
Kelsea Ballerini - :60 with,300 k vues,il y a 8 ans
Carly Rae Jepsen - Vevo GO Shows: Run Away With Me,582 k vues,il y a 8 ans
Shawn Mendes - I Met Shawn Mendes BONUS: Meet Caitlin,27 k vues,il y a 8 ans
Carly Rae Jepsen - :60 with,86 k vues,il y a 8 ans
5 Seconds of Summer - Super Fan Showdown (#VevoSFS),560 k vues,il y a 8 ans
Alessia Cara - Here,942 k vues,il y a 8 ans
Ariana Grande - Problem (Vevo’s Do It YourSelfie) ft. Iggy Azalea,"1,3 M de vues",il y a 8 ans
Prince Royce - :60 with,713 k vues,il y a 8 ans
Shawn Mendes - Vevo News: Stitches,31 k vues,il y a 8 ans
Kat Graham - :60 with,104 k vues,il y a 8 ans
Miguel - Vevo GO Shows: face the sun,221 k vues,il y a 8 ans
Vevo News: Boots on the Beach,92 k vues,il y a 8 ans
"Britney Spears, Iggy Azalea - Pretty Girls (Vevo’s Do It YourSelfie)","1,3 M de vues",il y a 8 ans
Selena Gomez - :60 with,424 k vues,il y a 8 ans
"Pedro Capó, Kany García, Alejandro Sanz, Pedro Fernandez - Artist Insights: DE DONDE VENGO",340 k vues,il y a 8 ans
Kelsea Ballerini - ASK:REPLY,40 k vues,il y a 8 ans
Jerrod Niemann - Vevo News: Jerrod Niemann (Boots on the Beach),15 k vues,il y a 8 ans
Miguel - Vevo GO Shows: Coffee,201 k vues,il y a 8 ans
Lady Antebellum - A.K.A. Lady Antebellum,135 k vues,il y a 8 ans
Kendrick Lamar - :60 with,734 k vues,il y a 8 ans
Pedro Capó - Interview (Vevo News),13 k vues,il y a 8 ans
Kat Graham - ASK:REPLY,31 k vues,il y a 8 ans
Zedd - Vevo News: True Colors,90 k vues,il y a 8 ans
Kany García - Interview (Vevo News),81 k vues,il y a 8 ans
Lady Antebellum - Wheels Up (Vevo Tour Exposed),80 k vues,il y a 8 ans
Stromae - A.K.A. Stromae,266 k vues,il y a 8 ans
Luis Coronel - Interview (Vevo News),47 k vues,il y a 8 ans
Enrique Iglesias - Super Fan Showdown (#VevoSFS),174 k vues,il y a 8 ans
"Snoop Dogg, Pharrell Williams - BUSH Conversations",605 k vues,il y a 8 ans
Juanes - ASK:REPLY,245 k vues,il y a 8 ans
Ellie Goulding - Love Me Like You Do (Vevo’s Do It YourSelfie),"1,8 M de vues",il y a 8 ans
"Snoop Dogg, Pharrell Williams - BUSH Track By Track",278 k vues,il y a 8 ans
David Hasselhoff - True Survivor (Video Commentary),587 k vues,il y a 8 ans
Nicki Minaj - Super Fan Showdown (#VevoSFS),428 k vues,il y a 8 ans
Matt and Kim - Vevo GO Shows: Hey Now,47 k vues,il y a 8 ans
Tove Lo - Vevo GO Shows: Talking Body,785 k vues,il y a 8 ans
Jacob Whitesides - ASK:REPLY,32 k vues,il y a 8 ans
Kid Ink - A.K.A. Kid Ink,712 k vues,il y a 8 ans
Beyoncé - 7/11 (Vevo’s Do It YourSelfie),"1,4 M de vues",il y a 8 ans
Meghan Trainor - Super Fan Showdown (#VevoSFS),87 k vues,il y a 8 ans
Fifth Harmony - ASK:REPLY,535 k vues,il y a 8 ans
"Rihanna, Kanye West, Paul McCartney - FourFiveSeconds (Vevo’s Guess The Video)",211 k vues,il y a 8 ans
Stromae - ASK:REPLY,378 k vues,il y a 8 ans
Mark Ronson - Uptown Funk (Vevo’s Do It YourSelfie),"1,6 M de vues",il y a 8 ans
Justin Bieber - Super Fan Showdown (#VevoSFS),230 k vues,il y a 8 ans
Maroon 5 - Sugar (Vevo’s Guess The Video),263 k vues,il y a 8 ans
Halsey - ASK:REPLY,"1,2 M de vues",il y a 8 ans
Rihanna - Super Fan Showdown (#VevoSFS),257 k vues,il y a 8 ans
Mark Ronson - Uptown Funk (Vevo’s Guess The Video),480 k vues,il y a 8 ans
Plan B - ASK:REPLY,183 k vues,il y a 8 ans
"High Fives: Hot Rods (Kanye West, JAY Z, Miranda Lambert, Snoop Dogg, Dr. Dre, M.I.A., ...",14 k vues,il y a 8 ans
Cody Simpson - ASK:REPLY,65 k vues,il y a 8 ans
"High Fives: Show Me The Funny (Katy Perry, Eminem, Mumford & Sons, Ludacris, Fatboy Slim)",16 k vues,il y a 8 ans
Alexis y Fido - The Whisper Challenge,340 k vues,il y a 8 ans
Jordin Sparks - ASK:REPLY,21 k vues,il y a 8 ans
"High Fives: Videos in Space (Ariana Grande, Katy Perry, Miley Cyrus, Kanye West, Future...",23 k vues,il y a 8 ans
"High Fives: POOL PARTY (One Direction, Nicki Minaj, Kendrick Lamar, Lil Wayne, Benny Be...",76 k vues,il y a 8 ans
Yelawolf - A.K.A. Yelawolf,336 k vues,il y a 8 ans
"High Fives: Blockbuster Videos (Iggy Azalea, Drake, Jennifer Lopez, Rita Ora, Foo Fight...",22 k vues,il y a 8 ans
Cody Simpson - The Whisper Challenge (Valentine’s Day Edition),53 k vues,il y a 8 ans
"High Fives: Valentine’s Video Bouquet (Rihanna, One Direction, Sam Smith, John Legend, ...",29 k vues,il y a 8 ans
"High Fives: Let’s Ride (Katy Perry, 5 Seconds Of Summer, Lil Wayne, N.E.R.D., Skylar Grey)",95 k vues,il y a 8 ans
Fifth Harmony - Sledgehammer (Vevo’s Do It YourSelfie),"1,7 M de vues",il y a 8 ans
"High Fives: YoMuscleBoii’s Workout Plan (Kanye West, 50 Cent, OK Go, David Banner, Oliv...",50 k vues,il y a 8 ans
"High Fives: WHOA THESE GUYS CAN DANCE (Chris Brown, Justin Timberlake, Usher, 'N Sync)",41 k vues,il y a 8 ans
Rae Sremmurd - A.K.A. Rae Sremmurd,"1,2 M de vues",il y a 8 ans
American Idol - American Idol Exclusive: Harry Connick Jr. Goes Home,"9,3 k vues",il y a 8 ans
Ariana Grande - Love Me Harder (Vevo’s Do It YourSelfie),2 M de vues,il y a 8 ans
"Vevo - High Fives: AWOL Artists (Sia, Avicii, Beastie Boys, Duke Dumont, Fatboy Slim)",21 k vues,il y a 8 ans
The Hanging Tree (Rebel Remix - From The Hunger Games: Mockingjay Part 1 (Audio)),14 M de vues,il y a 8 ans
Prince Royce - ASK:REPLY,265 k vues,il y a 8 ans
Ne-Yo - A.K.A. Ne-Yo,544 k vues,il y a 8 ans
Vevo - High Fives: Maroon 5,39 k vues,il y a 8 ans
Iggy Azalea - Black Widow (Vevo’s Do It YourSelfie),2 M de vues,il y a 8 ans
Pete Wentz - ASK:REPLY,131 k vues,il y a 8 ans
Meghan Trainor - Vevo GO Shows: All About That Bass,815 k vues,il y a 8 ans
Chris Young - ASK:REPLY,50 k vues,il y a 8 ans
Meghan Trainor - Vevo Go Shows: Lips Are Movin,959 k vues,il y a 8 ans
Katy Perry - Prismatic (Vevo Tour Exposed),"2,1 M de vues",il y a 8 ans
"High Fives: Merry Vidmas (Justin Bieber, Mariah Carey, Christina Aguilera, RUN-DMC, Dav...",37 k vues,il y a 9 ans
Katy Perry - Dark Horse (Vevo’s Do It YourSelfie),"1,9 M de vues",il y a 9 ans
"High Fives: Ladies of 2014 (Taylor Swift, Nicki Minaj, Katy Perry, Meghan Trainor, Jenn...",66 k vues,il y a 9 ans
"High Fives: Dudes of 2014 (5SOS, Sam Smith, Pitbull, Calvin Harris, Pharrell Williams)",21 k vues,il y a 9 ans
ScHoolboy Q - A.K.A. ScHoolboy Q,288 k vues,il y a 9 ans
Meghan Trainor - Lips Are Movin (Vevo’s Do It YourSelfie),"2,5 M de vues",il y a 9 ans
Nicole Scherzinger - ASK:REPLY,109 k vues,il y a 9 ans
"High Fives: Happy Birthday Vevo (Katy Perry, Justin Bieber, Jennifer Lopez, Miley Cyrus...",72 k vues,il y a 9 ans
The Hanging Tree’ James Newton Howard ft. Jennifer Lawrence (Official Audio),47 M de vues,il y a 9 ans
Ariana Grande - Super Fan Showdown (#VevoSFS),512 k vues,il y a 9 ans
The Script - ASK:REPLY,59 k vues,il y a 9 ans
Lo Mejor Del Mes: Noviembre 2014,315 k vues,il y a 9 ans
"High Fives: Whoa, These Ladies Can Dance! (Beyonce, Shakira, Jennifer Lopez, Britney Sp...",25 k vues,il y a 9 ans
LL Cool J - A.K.A. LL Cool J,299 k vues,il y a 9 ans
Usher - The UR Experience (Vevo Tour Exposed),89 k vues,il y a 9 ans
The Madden Brothers - ASK:REPLY,"8,9 k vues",il y a 9 ans
Billy Corgan - ASK:REPLY,103 k vues,il y a 9 ans
"Vevo - High Fives: Video Feast (Katy Perry, Jessie J, Weird Al, Prince, Warrant)",16 k vues,il y a 9 ans
5 Seconds Of Summer - Super Fan Showdown (#VevoSFS),493 k vues,il y a 9 ans
Tinashe - ASK:REPLY,63 k vues,il y a 9 ans
T.I. - A.K.A. T.I.,351 k vues,il y a 9 ans
High Fives: Beaches Be Crazy,21 k vues,il y a 9 ans
Vevo - Bruno Mars Lyrics Pick Up GUYS? #VevoLyricLines,202 k vues,il y a 9 ans
Nick Jonas - ASK:REPLY,97 k vues,il y a 9 ans
Bastille - Bad Blood: The Last Stand (Vevo Tour Exposed),138 k vues,il y a 9 ans
Katy Perry - Birthday (Vevo’s Guess The Video),486 k vues,il y a 9 ans
Big Sean - Vevo Go Shows: I Don’t F*** With You,743 k vues,il y a 9 ans
Big Sean - ASK:REPLY,37 k vues,il y a 9 ans
Taylor Swift - Super Fan Showdown (#VevoSFS),358 k vues,il y a 9 ans
Bastille - ASK:REPLY,50 k vues,il y a 9 ans
High Fives: Country Contenders,18 k vues,il y a 9 ans
Daddy Yankee - A.K.A. Daddy Yankee,453 k vues,il y a 9 ans
What Tim McGraw & Faith Hill Did to Celebrate 18 Years (Spotlight Country),15 k vues,il y a 9 ans
Vevo - Vevo Lyric Lines: Katy Perry Lyrics Pick Up GUYS?,288 k vues,il y a 9 ans
Taylor Swift - ASK:REPLY,640 k vues,il y a 9 ans
Iggy Azalea - Work (Vevo’s Guess The Video),838 k vues,il y a 9 ans
J. Cole - Vevo Go Shows: Coming Soon!,60 k vues,il y a 9 ans
High Fives: Halloween,135 k vues,il y a 9 ans
"T.I., Pharrell Williams - Paperwork Conversations: Episode 4",15 k vues,il y a 9 ans
"T.I., Pharrell Williams - Paperwork Conversations: Episode 1","7,4 k vues",il y a 9 ans
"T.I., Pharrell Williams - Paperwork Conversations: Episode 2","7,9 k vues",il y a 9 ans
"T.I., Pharrell Williams - Paperwork Conversations: Episode 3","6,9 k vues",il y a 9 ans
"T.I., Pharrell Williams - Paperwork Conversations (Full Version)",430 k vues,il y a 9 ans
"T.I., Pharrell Williams - Paperwork Conversations: Episode 5","7,2 k vues",il y a 9 ans
One Direction - Super Fan Showdown (#VevoSFS),566 k vues,il y a 9 ans
Jennifer Hudson - ASK:REPLY,29 k vues,il y a 9 ans
Vevo - Fan Testimonial #1 (Vevo Certified SuperFanFest),35 k vues,il y a 9 ans
Vevo - Fan Testimonial #2 (Vevo Certified SuperFanFest),23 k vues,il y a 9 ans
Pete Wentz - Pete Wentz Show Open (Vevo Certified SuperFanFest),103 k vues,il y a 9 ans
"Demi Lovato, Iggy Azalea - Certified SuperFanFest (Full Version)","3,5 M de vues",il y a 9 ans
Common - A.K.A. Common,119 k vues,il y a 9 ans
Vevo - Vevo Lyric Lines: Pitbull Lyrics Pick Up GUYS?,300 k vues,il y a 9 ans
Pete Wentz - Vevo Certified SuperFanFest Tune In,"7,8 k vues",il y a 9 ans
Demi Lovato - Vevo Certified SuperFanFest Tune In,36 k vues,il y a 9 ans
Pete Wentz - Vevo Certified SuperFanFest Tune In,"5,1 k vues",il y a 9 ans
Demi Lovato - Vevo Certified SuperFanFest Tune In,11 k vues,il y a 9 ans
Pete Wentz - Man on the Street Quiz – Iggy Azalea & Demi Lovato (Part 3),15 k vues,il y a 9 ans
John Legend - All of Me (Vevo’s Guess The Video),685 k vues,il y a 9 ans
Tiny - ASK:REPLY,10 k vues,il y a 9 ans
Pete Wentz - Man on the Street Quiz – Iggy Azalea & Demi Lovato (Part 2),17 k vues,il y a 9 ans
Hilary Duff - Vevo News: All About You,96 k vues,il y a 9 ans
Pete Wentz - Man on the Street Quiz – Iggy Azalea & Demi Lovato,57 k vues,il y a 9 ans
Iggy Azalea - Super Fan Showdown (#VevoSFS),287 k vues,il y a 9 ans
Estelle - ASK:REPLY,"9,1 k vues",il y a 9 ans
Lenny Kravitz - Vevo News Interview,39 k vues,il y a 9 ans
G-Eazy - A.K.A. G-Eazy,712 k vues,il y a 9 ans
Dierks Bentley - Vevo GO Shows: I Hold On,130 k vues,il y a 9 ans
Vevo - Vevo Lyric Lines: Justin Bieber Lyrics Pick Up GUYS?,502 k vues,il y a 9 ans
Enrique Iglesias - ASK:REPLY,104 k vues,il y a 9 ans
Lady Gaga - Applause (Vevo’s Guess The Video),525 k vues,il y a 9 ans
Maroon 5 - Super Fan Showdown (#VevoSFS),326 k vues,il y a 9 ans
J. Balvin - ASK:REPLY,141 k vues,il y a 9 ans
Neon Trees - A.K.A. Neon Trees,106 k vues,il y a 9 ans
Vevo - Vevo Lyric Lines: Ep. 29 – Avril Lavigne,272 k vues,il y a 9 ans
Luis Fonsi - ASK:REPLY,39 k vues,il y a 9 ans
Pharrell Williams - Happy (Vevo’s Guess The Video),628 k vues,il y a 9 ans
Nicole Scherzinger - Day Off With Nicole Scherzinger,377 k vues,il y a 9 ans
Vevo - Vevo Certified SuperFanFest Announcement: Iggy Azalea & Demi Lovato,261 k vues,il y a 9 ans
Future - A.K.A. Future,367 k vues,il y a 9 ans
"Peter Tong, Carl Cox, Philipp Straub - Highlights (Burn Residency, 2014 Masterclass)",15 k vues,il y a 9 ans
"Pete Tong, Carl Cox - Party Sets (Burn Residency, 2014 Masterclass)",29 k vues,il y a 9 ans
"Carl Cox - Production & Live Performance (Burn Residency, 2014 Masterclass)",15 k vues,il y a 9 ans
Jessie J - Vevo News: Bang Bang,212 k vues,il y a 9 ans
Common - ASK:REPLY,39 k vues,il y a 9 ans
Chase Rice - Vevo News Interview,64 k vues,il y a 9 ans
Bleachers - Vevo News Interview,16 k vues,il y a 9 ans
Jake Owen - Vevo News Interview,33 k vues,il y a 9 ans
Iggy Azalea - A.K.A. Iggy Azalea,"1,9 M de vues",il y a 9 ans
Neon Trees - Day Off With Tyler Glenn,72 k vues,il y a 9 ans
MAGIC! - Vevo News Interview,48 k vues,il y a 9 ans
Jessie J - ASK:REPLY,117 k vues,il y a 9 ans
Deer Tick - Vevo All Access: Deer Tick,16 k vues,il y a 9 ans
Local Natives - Vevo All Access: Local Natives,13 k vues,il y a 9 ans
Boys Noize - Vevo All Access: Boys Noize,18 k vues,il y a 9 ans
Atmosphere - Vevo All Access: Atmosphere,11 k vues,il y a 9 ans
Phosphorescent - Vevo All Access: Phosphorescent,"6,7 k vues",il y a 9 ans
Bleachers - Vevo All Access: Bleachers,"8,3 k vues",il y a 9 ans
The Kooks - Vevo All Access: The Kooks,27 k vues,il y a 9 ans
Capital Cities - Vevo All Access: Capital Cities,11 k vues,il y a 9 ans
Rita Ora - I Will Never Let You Down (Vevo’s Guess The Video),378 k vues,il y a 9 ans
Vic Mensa - Vevo All Access: Vic Mensa,18 k vues,il y a 9 ans
Hozier - Vevo All Access: Hozier,28 k vues,il y a 9 ans
The 1975 - Vevo All Access: The 1975,166 k vues,il y a 9 ans
Martin Garrix - Vevo All Access: Martin Garrix,182 k vues,il y a 9 ans
Krewella - Vevo All Access: Krewella,58 k vues,il y a 9 ans
The Last Internationale - Vevo All Access: The Last Internationale,"6,5 k vues",il y a 9 ans
RAC - Vevo All Access: RAC,"6,1 k vues",il y a 9 ans
Kodaline - Vevo All Access: Kodaline,"7,3 k vues",il y a 9 ans
"Vevo - Artist Insights: We Love Summer ft. Bleachers, Capital Cities, Jake Owen, Magic!",21 k vues,il y a 9 ans
Capital Cities - ASK:REPLY,29 k vues,il y a 9 ans
Vevo - Vevo Lyric Lines: Ep. 28 – John Legend,227 k vues,il y a 9 ans
Iggy Azalea - Fancy (Vevo’s Guess The Video),376 k vues,il y a 9 ans
Of Mice and Men - Vevo All Access: Of Mice and Men,54 k vues,il y a 9 ans
Yellowcard - Vevo All Access: Yellowcard,14 k vues,il y a 9 ans
Summer Set - Vevo All Access: Summer Set,16 k vues,il y a 9 ans
Mayday Parade - Vevo All Access: Mayday Parade,17 k vues,il y a 9 ans
Breathe Carolina - Vevo All Access: Breathe Carolina,14 k vues,il y a 9 ans
OneRepublic - Native (VEVO Tour Exposed),189 k vues,il y a 9 ans
Future - Move That Dope (Vevo’s Guess The Video),293 k vues,il y a 9 ans
"Timeflies, Kid Ink, Cher Lloyd, Prince Royce - HTW: Pepsi Summer Solstice Concerts on Vevo",17 k vues,il y a 9 ans
Juanes - Vevo GO Shows: Una Flor,775 k vues,il y a 9 ans
Chris Brown - Loyal (Vevo’s Guess The Video),867 k vues,il y a 9 ans
Artist Insights: Motorcycles,82 k vues,il y a 9 ans
Cher Lloyd - Just Be Mine #PepsiSummerSolstice,101 k vues,il y a 9 ans
Kid Ink - Main Chick #PepsiSummerSolstice,385 k vues,il y a 9 ans
Timeflies - Monsters #PepsiSummerSolstice ft. Katie Sky,179 k vues,il y a 9 ans
Cher Lloyd - Killin' It #PepsiSummerSolstice,75 k vues,il y a 9 ans
Cher Lloyd - I Wish #PepsiSummerSolstice,255 k vues,il y a 9 ans
Cher Lloyd - Want U Back #PepsiSummerSolstice,96 k vues,il y a 9 ans
Cher Lloyd - Dirty Love #PepsiSummerSolstice,107 k vues,il y a 9 ans
Cher Lloyd - M.F.P.O.T.Y. #PepsiSummerSolstice,75 k vues,il y a 9 ans
Cher Lloyd - With Ur Love #PepsiSummerSolstice,86 k vues,il y a 9 ans
Kid Ink - Show Me #PepsiSummerSolstice,107 k vues,il y a 9 ans
Kid Ink - Hell & Back #PepsiSummerSolstice,62 k vues,il y a 9 ans
Kid Ink - Bad A** #PepsiSummerSolstice,27 k vues,il y a 9 ans
Kid Ink - Money and the Power #PepsiSummerSolstice,94 k vues,il y a 9 ans
Kid Ink - The Movement #PepsiSummerSolstice,42 k vues,il y a 9 ans
Kid Ink - Time Of Your Life #PepsiSummerSolstice,70 k vues,il y a 9 ans
Timeflies - I Choose U #PepsiSummerSolstice,81 k vues,il y a 9 ans
Timeflies - Swoon #PepsiSummerSolstice,22 k vues,il y a 9 ans
Timeflies - For You #PepsiSummerSolstice,22 k vues,il y a 9 ans
Timeflies - All The Way #PepsiSummerSolstice,58 k vues,il y a 9 ans
Timeflies - Worth It #PepsiSummerSolstice,33 k vues,il y a 9 ans
Timeflies - Sunrise #PepsiSummerSolstice,19 k vues,il y a 9 ans
Vevo - Vevo Lyric Lines: Ep. 27 – Ariana Grande,251 k vues,il y a 9 ans
Vevo - Pepsi Summer Solstice Concerts On Vevo #PepsiSummerSolstice,47 k vues,il y a 9 ans
Pitbull - Timber (Vevo’s Guess The Video),433 k vues,il y a 9 ans
Vevo - Vevo Lyric Lines: Ep. 26 – Frank Sinatra,183 k vues,il y a 9 ans
ScHoolboy Q - Vevo GO Shows: Studio,307 k vues,il y a 9 ans
Ludacris - My Chick Bad (Vevo’s Guess The Video),386 k vues,il y a 9 ans
Vevo - Vevo Lyric Lines: One Direction Lyrics Pick Up GUYS?,253 k vues,il y a 9 ans
Shakira - Can't Remember To Forget You (Vevo’s Guess The Video),445 k vues,il y a 9 ans
Vevo - Vevo Lyric Lines: Ep. 24 – Britney Spears,203 k vues,il y a 9 ans
Lorde - Royals (Vevo’s Guess The Video),495 k vues,il y a 9 ans
Future - Vevo News Interview,87 k vues,il y a 9 ans
Pet Shop Boys - Electric 2014 USA (Vevo Tour Exposed),168 k vues,il y a 9 ans
Vevo - Vevo Lyric Lines: Ep. 23 – Miley Cyrus,330 k vues,il y a 9 ans
Vevo - New Vevo App For iOS Now Available!,91 k vues,il y a 9 ans
Rick Ross - No Games (Vevo’s Guess The Video),480 k vues,il y a 9 ans
VEVO - Vevo Lyric Lines: Ep. 22 – Robin Thicke,187 k vues,il y a 9 ans
VEVO - Vevo Lyric Lines: Best Of 2013,19 k vues,il y a 9 ans
Imagine Dragons - Into The Night (Vevo Tour Exposed),94 k vues,il y a 9 ans
Tyga - Wait For A Minute (Vevo’s Guess The Video),531 k vues,il y a 9 ans
Jerrod Niemann - VEVO News Interview,19 k vues,il y a 9 ans
"Details on Brantley Gilbert's New Album ""Just As I Am"" (Spotlight Country)",22 k vues,il y a 9 ans
Florida Georgia Line's Big Announcement (Spotlight Country),31 k vues,il y a 9 ans
Fifth Harmony - Tour Diaries with Fifth Harmony: Episode 3,284 k vues,il y a 9 ans
Miley Cyrus - Bangerz (VEVO Tour Exposed),"4,3 M de vues",il y a 9 ans
Fifth Harmony - Tour Diaries with Fifth Harmony: Episode 2,357 k vues,il y a 9 ans
Wisin - VEVO News: Adrenalina (Behind The Scenes),725 k vues,il y a 9 ans
T.I. - Vevo Let It Ride,"2,3 M de vues",il y a 9 ans
Fifth Harmony - Tour Diaries with Fifth Harmony: Episode 1,448 k vues,il y a 9 ans
Matt & Kim - Artist Insights: Matt and Kim,22 k vues,il y a 9 ans
Foster The People - Pseudologia Fantastica (VEVO Presents: Live At The Mural),734 k vues,il y a 9 ans
A Great Big World - VEVO News Interview,43 k vues,il y a 9 ans
"Aloe Blacc, A Great Big World, Zakk Wylde - Artist Insights – Originality",44 k vues,il y a 9 ans
"Lana Del Rey - Once Upon a Dream (Maleficent ""Dream"" Trailer)","8,4 M de vues",il y a 9 ans
VEVO - Vevo Lyric Lines: Ep. 21 – Selena Gomez,232 k vues,il y a 9 ans
VEVO - Vevo Lyric Lines: Ep. 20 - The Wanted lyrics PICK UP GUYS?,303 k vues,il y a 10 ans
VEVO - Vevo Lyric Lines: Ep. 19 - Nicki Minaj lyrics get TOMMY A DATE!,272 k vues,il y a 10 ans
"Fall Out Boy, Two Door Cinema Club, Jem Aswad - Artist Insights – Sounds of the ‘70s",70 k vues,il y a 10 ans
"John Newman, Iggy Azalea, Nina Nesbitt, Lorde, Bastille - #VEVOHalloween – Teaser",78 k vues,il y a 10 ans
VEVO - Vevo Lyric Lines: Ep. 18 – Katy Perry,676 k vues,il y a 10 ans
"#VEVOHalloween – ""Why I Love Halloween""",35 k vues,il y a 10 ans
"Bastille, Iggy Azalea, Nina Nesbitt, John Newman, Lorde - #VEVOHalloween - VEVO News",77 k vues,il y a 10 ans
Matt & Kim - Matt & Kim’s VEVO WTF Playlist Intro,21 k vues,il y a 10 ans
VEVO - Vevo Lyric Lines: Ep. 17 – 50 Cent,238 k vues,il y a 10 ans
Q Awards 2013 - VEVO News,36 k vues,il y a 10 ans
MOBO Awards 2013 - VEVO News,25 k vues,il y a 10 ans
VEVO - Vevo Lyric Lines: Ep. 16 – Demi Lovato,"1,4 M de vues",il y a 10 ans
"Lorde, Bastille, John Newman, Nina Nesbitt, Iggy Azalea - VEVO Halloween Party Teaser 2013",289 k vues,il y a 10 ans
VEVO - Vevo Lyric Lines: Ep. 15 – Luke Bryan,601 k vues,il y a 10 ans
Major Lazer - Jah No Partial ft. Flux Pavilion,729 k vues,il y a 10 ans
"VEVO - First Show (VEVO LIFT Roundtable Interview) ft. The Neighbourhood, HAIM, Krewella",62 k vues,il y a 10 ans
"VEVO - Touring (VEVO LIFT Roundtable Interview) ft. The Neighbourhood, HAIM, Krewella",80 k vues,il y a 10 ans
"VEVO - Music Videos (VEVO LIFT Roundtable Interview) ft. The Neighbourhood, HAIM, Krewella",77 k vues,il y a 10 ans
Best Music Experience (VEVO LIFT Roundtable Interview),103 k vues,il y a 10 ans
VEVO - Vevo Lyric Lines: Ep. 14 - Train,449 k vues,il y a 10 ans
VEVO - Vevo Lyric Lines: Ep. 13 - NSYNC,485 k vues,il y a 10 ans
"Chase & Status, MONSTA - Oxegen Festival - Day 2 with MONSTA and Chase & Status",46 k vues,il y a 10 ans
"Labrinth, Rita Ora, Example - Oxegen Festival - Day 1 with Rita Ora, Labrinth and Example",38 k vues,il y a 10 ans
VEVO - Vevo Lyric Lines: Ep. 12 – Kelly Clarkson,898 k vues,il y a 10 ans
The Lewes Stopover 2013,83 k vues,il y a 10 ans
Dave Browne - Vote Dave - Summer Six Dance Presenter,14 k vues,il y a 10 ans
VEVO - Vevo Lyric Lines: Ep. 11 - Lady Gaga,616 k vues,il y a 10 ans
VEVO - VEVO News Interview (Sonos Director's Studio) ft. Yoann Lemoine,22 k vues,il y a 10 ans
Grace Potter & The Nocturnals - Roar (VEVO Tour Exposed),154 k vues,il y a 10 ans
Fall Out Boy - Save Rock And Roll (VEVO Tour Exposed),188 k vues,il y a 10 ans
VEVO - Vevo Lyric Lines: Ep. 10 - Backstreet Boys,630 k vues,il y a 10 ans
"Isle of Wight Festival - Day 3 with Imagine Dragons, Paloma Faith and The Script",82 k vues,il y a 10 ans
"Isle of Wight Festival - Day 2 with Bastille, Lawson and Sub Focus",55 k vues,il y a 10 ans
Isle of Wight Festival - Day 1 with Jake Bugg and Everything Everything,34 k vues,il y a 10 ans
VEVO - Vevo Lyric Lines: Ep. 9 - P!nk,642 k vues,il y a 10 ans
VEVO - VEVO News Interview (Sonos Director's Studio) ft. Fab 5 Freddy,42 k vues,il y a 10 ans
"Sebastian Ingrosso, Tommy Trash, John Martin - Reload (Official Video)",86 M de vues,il y a 10 ans
VEVO - Vevo Lyric Lines: Ep. 8 - Ne-Yo,930 k vues,il y a 10 ans
VEVO - VEVO News Interview (Sonos Director's Studio) ft. Marc Pellington,31 k vues,il y a 10 ans
VEVO - VEVO News Interview (Sonos Director's Studio) ft. Rich & Tone,13 k vues,il y a 10 ans
The Great Escape - DAY 3: Little Green Cars and The Strypes,91 k vues,il y a 10 ans
"The Great Escape - Day 2: Nina Nesbitt, Iggy Azalea, Swim Deep and Kodaline",53 k vues,il y a 10 ans
"Summer Six Highlights - Thursday, The Great Escape",71 k vues,il y a 10 ans
VEVO - Vevo Lyric Lines: Ep. 7 - Bruno Mars,"1,1 M de vues",il y a 10 ans
Selena Gomez - Come & Get It (Teaser),121 k vues,il y a 10 ans
VEVO - Vevo Lyric Lines: Ep. 6 - Ed Sheeran,709 k vues,il y a 10 ans
Joan Sebastian - ASK:REPLY,153 k vues,il y a 10 ans
VEVO - VEVO News: Spectacle Exhibition,10 k vues,il y a 10 ans
VEVO - VEVO News: Spectacle Evolution,51 k vues,il y a 10 ans
VEVO - Vevo Lyric Lines: Ep. 5 - Rihanna Lyrics Pick Up Girls?,482 k vues,il y a 10 ans
VEVO - Vevo Lyric Lines: Ep. 4 - Usher Lyrics Pick Up Girls?,737 k vues,il y a 10 ans
VEVO - Vevo Lyric Lines: Ep. 3 - Ke$ha Lyrics Pick Up Girls?,"1,3 M de vues",il y a 10 ans
VEVO - Vevo Lyric Lines: One Direction Lyrics Pick Up Girls?,"1,5 M de vues",il y a 10 ans
VEVO - Vevo Lyric Lines: Justin Bieber Lyrics Pick Up Girls?,"1,7 M de vues",il y a 10 ans
"Ne-Yo, Herbie Hancock, Johnny Rzeznik, Delta Rae, Natasha Bedingfield - Forward",338 k vues,il y a 11 ans
"Artist Insights: Music Videos, Then & Now",172 k vues,il y a 11 ans
VEVO - #VEVOCertified Teaser,83 k vues,il y a 11 ans
History of Voting! (Democracy Class),61 k vues,il y a 11 ans
"VEVO - Surveillance Satellite: Mar. 9, 2012",64 k vues,il y a 11 ans
"VEVO - Surveillance Satellite: Mar. 5, 2012",118 k vues,il y a 11 ans
"VEVO - Surveillance Satellite: Mar. 3, 2012",24 k vues,il y a 11 ans
VEVO News: Valentine's Day With The Boys,96 k vues,il y a 11 ans
Various Artists - VEVO News: Happy Holidays,221 k vues,il y a 12 ans
VEVO News with Zane Lowe: UKF Bass Culture,278 k vues,il y a 12 ans
Skream & Benga - VEVO News Interview,66 k vues,il y a 12 ans
VEVO News: Happy Thanksgiving,427 k vues,il y a 12 ans
"DJ Cheapshot, DJ Spider, DJ Tina T - These Are The Breaks: How To Scratch",696 k vues,il y a 12 ans
VEVO News: Favorite Halloween Costume,569 k vues,il y a 12 ans
"DJ Ravidrums, Steve1der, Jordan Laws - These Are The Breaks: The Future of The DJ",534 k vues,il y a 12 ans
VEVO - All Your Favorite Artists (30 Seconds),364 k vues,il y a 12 ans
DJ Vice - These Are The Breaks: Vice in Vegas,"1,1 M de vues",il y a 12 ans
"Kanye West, Jay-Z - Otis (Trailer 2)",176 k vues,il y a 12 ans
"Kanye West, Jay-Z - Otis (Trailer)",224 k vues,il y a 12 ans
VEVO - VEVO News: Quincy Jones On Working With Amy Winehouse ft. Quincy Jones,33 k vues,il y a 12 ans
The American Secrets - ASK:REPLY,18 k vues,il y a 12 ans
"VEVO - VEVO News: Big Sean from VEVO Powerstation, Pt. 1 ft. Big Sean",22 k vues,il y a 12 ans
"VEVO - VEVO News: Big Sean at the VEVO Powerstation, Pt. 2 ft. Big Sean",216 k vues,il y a 12 ans
Aubrey O'Day - ASK:REPLY,83 k vues,il y a 12 ans
VEVO - VEVO News: Jessie J LIFT Showcase ft. Jessie J,450 k vues,il y a 12 ans
Melky Jean - Better (CARE For Haiti),"1,6 M de vues",il y a 12 ans
VEVO - VEVO News: People's Choice Awards 2011,134 k vues,il y a 12 ans
Holiday Gift Guide: Concert Tickets,13 k vues,il y a 12 ans
Holiday Cover Songs,22 k vues,il y a 12 ans
12 Days of Christmas,"2,5 M de vues",il y a 13 ans
Holiday Gift Guide: CD,18 k vues,il y a 13 ans
VEVO News: Ne-Yo & Friends AMA After Party,636 k vues,il y a 13 ans
VEVO News: 44th CMA Awards,31 k vues,il y a 13 ans
VEVO - VEVO News: CMJ Music Marathon,490 k vues,il y a 13 ans
"VEVO - VEVO News: Austin City Limits ft. Broken Bells, Matt and Kim, Pete Yorn",165 k vues,il y a 13 ans
VEVO Go Show: Nas (Preview),78 k vues,il y a 13 ans
"These Are The Breaks, Ep. 3: Technology",215 k vues,il y a 13 ans
Matisyahu - One Day Without Shoes,46 k vues,il y a 13 ans
Lady Gaga & Beyoncé - Telephone (VEVO Premiere),"4,2 M de vues",il y a 13 ans
"These Are The Breaks, Ep. 2: So, You're Into Vinyl?",271 k vues,il y a 13 ans
Various Artists - We Are The World 25 for Haiti,13 M de vues,il y a 13 ans
"Various Artists - We Are The World 25 for Haiti (Behind the Scenes, Pt. 2)",266 k vues,il y a 13 ans
"Various Artists - We Are The World 25 for Haiti (Behind the Scenes, Pt. 1)",290 k vues,il y a 13 ans
Adam Lambert - Adam Lambert's VEVO Hotel Party,540 k vues,il y a 13 ans
Mariah Carey - Mariah Carey Sings H.A.T.E.U. for VEVO,386 k vues,il y a 13 ans
These Are The Breaks,304 k vues,il y a 13 ans
